cement,slag,fly_ash,water,superplasticizer,coarse_agg,fine_agg,age,strength,w_c_ratio,w_b_ratio,cement_aggregate_ratio
172.38,13.61,172.37,156.76,4.14,1006.3,856.4,14.0,29.7508894,0.91,0.44,0.09
289.0,0.0,0.0,192.0,0.0,913.2,895.3,28.0,25.573354316,0.66,0.66,0.16
349.0,0.0,0.0,192.0,0.0,1056.0,809.0,3.0,15.87173752,0.55,0.55,0.19
186.2,124.1,0.0,185.7,0.0,1083.4,764.3,7.0,7.995853172,1.0,0.6,0.1
277.0,0.0,0.0,191.0,0.0,968.0,856.0,360.0,33.70158688,0.69,0.69,0.15
309.9,142.8,111.2,167.8,22.1,913.9,651.2,28.0,38.215586252,0.54,0.3,0.2
303.6,139.9,0.0,213.5,6.2,895.5,722.5,28.0,33.419591196,0.7,0.48,0.19
162.0,207.0,172.0,216.0,10.0,822.0,638.0,28.0,39.84481804,1.33,0.4,0.11
181.9,272.8,0.0,185.7,0.0,1012.4,714.3,7.0,12.37264682,1.02,0.41,0.11
275.0,0.0,0.0,183.0,0.0,1088.0,808.0,28.0,24.49708228,0.67,0.67,0.15
439.0,177.0,0.0,186.0,11.1,884.9,707.9,56.0,71.69860924,0.42,0.3,0.28
214.9,53.8,121.89,155.63,9.61,1014.3,780.58,14.0,38.60376124,0.72,0.4,0.12
167.35,129.9,128.62,175.46,7.79,1006.3,746.6,56.0,51.72448952,1.05,0.41,0.1
246.83,0.0,125.08,143.3,11.99,1086.8,800.89,100.0,66.42411784,0.58,0.39,0.13
387.0,20.0,94.0,157.0,13.93,938.0,845.0,56.0,47.96684532,0.41,0.31,0.22
277.0,117.0,91.0,191.0,7.0,946.0,666.0,28.0,43.5748832,0.69,0.39,0.17
149.0,118.0,92.0,183.0,7.0,953.0,780.0,28.0,23.51802636,1.23,0.51,0.09
475.0,0.0,0.0,228.0,0.0,932.0,594.0,365.0,41.934619796,0.48,0.48,0.31
374.0,189.2,0.0,170.1,10.1,926.1,756.7,3.0,34.39795764,0.45,0.3,0.22
387.0,20.0,94.0,157.0,14.32,938.0,845.0,28.0,50.23522136,0.41,0.31,0.22
385.0,0.0,136.0,158.0,20.0,903.0,768.0,28.0,55.55108132,0.41,0.3,0.23
359.0,19.0,141.0,154.0,10.91,942.0,801.0,7.0,38.610656,0.43,0.3,0.21
162.0,190.1,148.1,178.8,18.8,838.1,741.4,28.0,33.762260768,1.1,0.36,0.1
374.0,0.0,0.0,190.0,7.0,1013.0,730.0,28.0,39.05192064,0.51,0.51,0.21
218.85,0.0,124.13,158.49,11.33,1078.7,794.91,28.0,30.21973308,0.72,0.46,0.12
260.9,100.5,78.3,200.6,8.6,864.5,761.5,28.0,32.401235144,0.77,0.46,0.16
350.0,0.0,0.0,203.0,0.0,974.0,775.0,56.0,29.97841648,0.58,0.58,0.2
200.0,133.0,0.0,192.0,0.0,965.4,806.2,3.0,11.41427518,0.96,0.58,0.11
212.0,141.3,0.0,203.5,0.0,973.4,750.0,28.0,33.003837168,0.96,0.58,0.12
190.0,190.0,0.0,228.0,0.0,932.0,670.0,180.0,46.931941844,1.2,0.6,0.12
251.37,0.0,118.27,188.45,5.75,1028.4,757.73,56.0,36.96970312,0.75,0.51,0.14
401.8,94.7,0.0,147.4,11.4,946.8,852.1,91.0,75.497622,0.37,0.3,0.22
254.0,0.0,0.0,198.0,0.0,968.0,863.0,3.0,9.307926,0.78,0.78,0.14
350.0,0.0,0.0,203.0,0.0,974.0,775.0,90.0,31.35047372,0.58,0.58,0.2
362.6,189.0,0.0,164.9,11.6,944.7,755.8,3.0,35.3011712,0.45,0.3,0.21
295.71,0.0,95.64,171.54,8.87,955.14,859.2,3.0,22.94576128,0.58,0.44,0.16
500.1,0.0,0.0,200.0,3.0,1124.4,613.2,28.0,44.13335876,0.4,0.4,0.29
153.0,102.0,0.0,192.0,0.0,888.0,943.1,90.0,26.322814728,1.25,0.75,0.08
102.0,153.0,0.0,192.0,0.0,887.0,942.0,7.0,7.675936308,1.88,0.75,0.06
150.7,0.0,185.3,166.7,15.6,1074.5,678.0,28.0,13.461329424,1.11,0.5,0.09
143.6,0.0,174.9,158.4,17.9,942.7,844.5,28.0,15.42357812,1.1,0.5,0.08
362.6,189.0,0.0,164.9,11.6,944.7,755.8,7.0,55.89581932,0.45,0.3,0.21
266.0,114.0,0.0,228.0,0.0,932.0,670.0,365.0,52.908319812,0.86,0.6,0.17
331.0,0.0,0.0,192.0,0.0,978.0,825.0,90.0,37.231704,0.58,0.58,0.18
255.0,0.0,0.0,192.0,0.0,889.8,945.0,7.0,10.222171176,0.75,0.75,0.14
233.81,0.0,94.58,197.89,4.567,947.04,852.16,56.0,27.66177712,0.85,0.6,0.13
387.0,20.0,94.0,157.0,11.61,938.0,845.0,7.0,41.66503468,0.41,0.31,0.22
315.0,137.0,0.0,145.0,5.9,1130.0,745.0,28.0,81.75116932,0.46,0.32,0.17
190.68,0.0,125.4,162.14,7.77,1090.0,804.01,3.0,15.04436632,0.85,0.51,0.1
307.0,0.0,0.0,193.0,0.0,968.0,812.0,180.0,34.48758952,0.63,0.63,0.17
298.0,137.0,107.0,201.0,6.0,878.0,655.0,28.0,53.52402188,0.67,0.37,0.19
167.0,187.0,195.0,185.0,7.0,898.0,636.0,28.0,23.8903434,1.11,0.34,0.11
116.0,173.0,0.0,192.0,0.0,909.8,891.9,90.0,31.023662096,1.66,0.66,0.06
190.34,0.0,125.18,166.61,9.88,1079.0,798.9,56.0,31.715896,0.88,0.53,0.1
140.0,133.0,103.0,200.0,7.0,916.0,753.0,28.0,36.4388066,1.43,0.53,0.08
190.34,0.0,125.18,166.61,9.88,1079.0,798.9,28.0,24.84871504,0.88,0.53,0.1
212.0,141.3,0.0,203.5,0.0,973.4,750.0,90.0,39.70002808,0.96,0.58,0.12
182.04,45.21,121.97,170.21,8.19,1059.4,780.65,3.0,7.31534036,0.94,0.49,0.1
287.0,121.0,94.0,188.0,9.0,904.0,696.0,28.0,41.94082508,0.66,0.37,0.18
525.0,0.0,0.0,189.0,0.0,1125.0,613.0,90.0,58.78472376,0.36,0.36,0.3
146.0,230.0,0.0,202.0,3.0,827.0,872.0,28.0,33.0603742,1.38,0.54,0.09
446.0,24.0,79.0,162.0,11.64,967.0,712.0,3.0,23.34565736,0.36,0.3,0.27
436.0,0.0,0.0,218.0,0.0,838.4,719.7,28.0,23.84897484,0.5,0.5,0.28
397.0,0.0,0.0,185.0,0.0,1040.0,734.0,28.0,39.0932892,0.47,0.47,0.22
220.8,147.2,0.0,185.7,0.0,1055.0,744.3,28.0,25.74503384,0.84,0.5,0.12
132.0,206.5,160.9,178.9,5.5,866.9,735.6,28.0,33.306517132,1.36,0.36,0.08
170.3,155.5,0.0,185.7,0.0,1026.6,724.3,7.0,10.730314988,1.09,0.57,0.1
376.0,0.0,0.0,214.6,0.0,1003.5,762.36,56.0,36.3009114,0.57,0.57,0.21
389.9,189.0,0.0,145.9,22.0,944.7,755.8,7.0,59.09498796,0.37,0.25,0.23
193.5,290.2,0.0,185.7,0.0,998.2,704.3,7.0,17.200357772,0.96,0.38,0.11
148.1,0.0,136.6,158.1,16.1,1001.8,830.1,28.0,17.959470848,1.07,0.56,0.08
153.0,145.0,113.0,178.0,8.0,1002.0,689.0,28.0,25.55887532,1.16,0.43,0.09
139.9,132.6,103.3,200.3,7.4,916.0,753.4,28.0,36.443632932,1.43,0.53,0.08
212.52,0.0,100.37,159.32,8.71,1007.8,903.59,28.0,31.64005364,0.75,0.51,0.11
277.0,0.0,0.0,191.0,0.0,968.0,856.0,14.0,21.26343984,0.69,0.69,0.15
323.7,282.8,0.0,183.8,10.3,942.7,659.9,7.0,49.80085148,0.57,0.3,0.2
332.5,142.5,0.0,228.0,0.0,932.0,594.0,28.0,33.01900564,0.69,0.48,0.22
500.0,0.0,0.0,200.0,0.0,1125.0,613.0,1.0,12.63809508,0.4,0.4,0.29
213.5,0.0,174.24,154.61,11.66,1052.3,775.48,28.0,45.93978588,0.72,0.4,0.12
122.6,183.9,0.0,203.5,0.0,958.2,800.1,7.0,10.354550568,1.66,0.66,0.07
275.0,180.0,120.0,162.0,10.35,830.0,765.0,28.0,76.23536132,0.59,0.28,0.17
139.6,209.4,0.0,192.0,0.0,1047.0,806.9,180.0,44.207822168,1.38,0.55,0.08
155.0,183.0,0.0,193.0,9.0,877.0,868.0,28.0,23.786922,1.25,0.57,0.09
425.0,106.3,0.0,153.5,16.5,852.1,887.1,56.0,64.30053176,0.36,0.29,0.24
491.0,26.0,123.0,210.0,3.93,882.0,699.0,3.0,25.6091085694586,0.43,0.33,0.31
173.81,93.37,159.9,172.34,9.73,1007.2,746.6,28.0,37.81086384,0.99,0.4,0.1
277.19,97.82,24.46,160.7,11.19,1061.7,782.46,14.0,47.7117392,0.58,0.4,0.15
326.0,0.0,138.0,199.0,11.0,801.0,792.0,28.0,40.679084,0.61,0.43,0.2
167.0,75.4,167.0,164.03,7.91,1007.3,770.1,100.0,56.8128224,0.98,0.4,0.09
388.6,97.1,0.0,157.9,12.1,852.1,925.7,7.0,34.90127512,0.41,0.33,0.22
286.3,200.9,0.0,144.7,11.2,1004.6,803.7,91.0,76.80073164,0.51,0.3,0.16
397.0,0.0,0.0,185.7,0.0,1040.6,734.3,28.0,33.082437432,0.47,0.47,0.22
349.0,0.0,0.0,192.0,0.0,1047.0,806.0,7.0,18.12632404,0.55,0.55,0.19
284.0,119.7,0.0,168.3,7.2,970.4,794.2,28.0,40.934879596,0.59,0.42,0.16
150.9,0.0,183.9,166.6,11.6,991.2,772.2,28.0,15.569747032,1.1,0.5,0.09
275.07,0.0,121.35,159.48,9.9,1053.6,777.5,28.0,51.3314882,0.58,0.4,0.15
228.0,342.1,0.0,185.7,0.0,955.8,674.3,7.0,21.917063088,0.81,0.33,0.14
359.0,19.0,141.0,154.0,10.91,942.0,801.0,7.0,35.7542554305414,0.43,0.3,0.21
380.0,95.0,0.0,228.0,0.0,932.0,594.0,7.0,32.823194456,0.6,0.48,0.25
310.0,0.0,0.0,192.0,0.0,970.0,850.0,28.0,27.923778,0.62,0.62,0.17
116.0,173.0,0.0,192.0,0.0,909.8,891.9,28.0,22.347985588,1.66,0.66,0.06
275.0,0.0,0.0,183.0,0.0,1088.0,808.0,7.0,14.2032056,0.67,0.67,0.15
147.8,175.1,0.0,171.2,2.2,1000.0,828.5,28.0,26.922658848,1.16,0.53,0.08
469.0,117.2,0.0,137.8,32.2,852.1,840.5,3.0,40.1964508,0.29,0.24,0.28
255.3,98.8,77.0,188.6,6.5,919.0,749.3,28.0,33.798802996,0.74,0.44,0.15
198.6,132.4,0.0,192.0,0.0,978.4,825.5,90.0,38.074243672,0.97,0.58,0.11
203.5,305.3,0.0,203.5,0.0,963.4,630.0,90.0,51.863763672,1.0,0.4,0.13
194.68,0.0,100.52,165.62,7.48,1006.4,905.9,100.0,37.34202016,0.85,0.56,0.1
275.07,0.0,121.35,159.48,9.9,1053.6,777.5,3.0,23.80071152,0.58,0.4,0.15
212.07,0.0,121.62,180.31,5.69,1057.6,779.32,100.0,39.6103962,0.85,0.54,0.12
182.04,45.21,121.97,170.21,8.19,1059.4,780.65,14.0,21.50475644,0.94,0.49,0.1
280.0,129.0,100.0,172.0,9.0,825.0,805.0,28.0,52.82075636,0.61,0.34,0.17
190.34,0.0,125.18,161.85,9.88,1088.1,802.59,100.0,40.38950408,0.85,0.51,0.1
238.05,0.0,94.11,186.66,7.0,949.91,847.01,56.0,39.58971192,0.78,0.56,0.13
359.0,19.0,141.0,154.0,10.91,942.0,801.0,28.0,62.93536928,0.43,0.3,0.21
250.0,0.0,95.69,191.84,5.33,948.9,857.2,100.0,41.1617172,0.77,0.55,0.14
425.0,106.3,0.0,151.4,18.6,936.0,803.7,7.0,46.80163088,0.36,0.28,0.24
165.0,0.02,143.57,163.81,0.0,1005.6,900.9,100.0,37.9556538,0.99,0.53,0.09
159.8,250.0,0.0,168.4,12.2,1049.3,688.2,28.0,39.455953576,1.05,0.41,0.09
525.0,0.0,0.0,189.0,0.0,1125.0,613.0,7.0,42.42345828,0.36,0.36,0.3
157.0,236.0,0.0,192.0,0.0,935.4,781.2,3.0,9.694722036,1.22,0.49,0.09
366.0,187.0,0.0,191.3,6.6,824.3,756.9,28.0,65.909079268,0.52,0.35,0.23
182.04,45.21,121.97,170.21,8.19,1059.4,780.65,56.0,43.49904084,0.94,0.49,0.1
374.0,189.2,0.0,170.1,10.1,926.1,756.7,56.0,63.3973182,0.45,0.3,0.22
350.0,0.0,0.0,203.0,0.0,974.0,775.0,14.0,22.53207568,0.58,0.58,0.2
382.0,0.0,0.0,186.0,0.0,1111.0,784.0,7.0,11.46598588,0.49,0.49,0.2
141.3,212.0,0.0,203.5,0.0,971.8,748.5,90.0,39.6621069,1.44,0.58,0.08
165.0,0.02,143.57,163.81,0.0,1005.6,900.9,28.0,26.200088,0.99,0.53,0.09
388.6,97.1,0.0,157.9,12.1,852.1,925.7,3.0,28.096147,0.41,0.33,0.22
480.0,0.0,0.0,192.0,0.0,936.2,712.2,7.0,34.569637164,0.4,0.4,0.29
229.97,0.0,118.31,195.47,4.63,1029.4,758.59,3.0,10.0318758,0.85,0.56,0.13
136.0,196.0,98.0,199.0,6.0,847.0,783.0,28.0,26.96540636,1.46,0.46,0.08
172.38,13.61,172.37,156.76,4.14,1006.3,856.4,100.0,37.6798634,0.91,0.44,0.09
500.0,0.0,0.0,200.0,0.0,1125.0,613.0,90.0,47.22221124,0.4,0.4,0.29
237.5,237.5,0.0,228.0,0.0,932.0,594.0,180.0,36.251958604,0.96,0.48,0.16
304.0,76.0,0.0,228.0,0.0,932.0,670.0,365.0,55.260122448,0.75,0.6,0.19
389.9,189.0,0.0,145.9,22.0,944.7,755.8,28.0,74.4978818,0.37,0.25,0.23
139.6,209.4,0.0,192.0,0.0,1047.0,806.9,7.0,14.58931216,1.38,0.55,0.08
305.0,0.0,100.0,196.0,10.0,959.0,705.0,28.0,30.12320644,0.64,0.48,0.18
231.75,0.0,121.62,173.96,6.72,1056.4,778.45,100.0,45.83636448,0.75,0.49,0.13
255.0,99.0,77.0,189.0,6.0,919.0,749.0,28.0,33.79811352,0.74,0.44,0.15
397.0,0.0,0.0,185.7,0.0,1040.6,734.3,7.0,25.447869684,0.47,0.47,0.22
160.0,128.0,122.0,182.0,6.4,824.0,879.0,28.0,39.39665864,1.14,0.44,0.09
332.5,142.5,0.0,228.0,0.0,932.0,594.0,365.0,41.052779992,0.69,0.48,0.22
277.05,0.0,97.39,160.6,11.83,973.9,875.61,56.0,51.03501352,0.58,0.43,0.15
168.88,42.22,124.25,158.33,10.83,1080.8,796.15,100.0,48.15300384,0.94,0.47,0.09
166.8,250.2,0.0,203.5,0.0,975.6,692.6,28.0,33.947729812,1.22,0.49,0.1
184.0,86.0,190.0,213.0,6.0,923.0,623.0,28.0,22.93197176,1.16,0.46,0.12
540.0,0.0,0.0,173.0,0.0,1125.0,613.0,270.0,74.16693332,0.32,0.32,0.31
424.0,22.0,132.0,178.0,8.48,822.0,750.0,28.0,62.05284,0.42,0.31,0.27
304.0,76.0,0.0,228.0,0.0,932.0,670.0,180.0,50.94882902,0.75,0.6,0.19
190.0,190.0,0.0,228.0,0.0,932.0,670.0,270.0,50.655112244,1.2,0.6,0.12
167.35,129.9,128.62,175.46,7.79,1006.3,746.6,28.0,41.20308576,1.05,0.41,0.1
213.5,0.0,174.24,154.61,11.66,1052.3,775.48,56.0,51.4349096,0.72,0.4,0.12
425.0,106.3,0.0,153.5,16.5,852.1,887.1,7.0,49.20100736,0.36,0.29,0.24
469.0,117.2,0.0,137.8,32.2,852.1,840.5,91.0,70.69886904,0.29,0.24,0.28
238.2,158.8,0.0,185.7,0.0,1040.6,734.3,28.0,26.91369566,0.78,0.47,0.13
246.83,0.0,125.08,143.3,11.99,1086.8,800.89,56.0,60.32225524,0.58,0.39,0.13
255.5,170.3,0.0,185.7,0.0,1026.6,724.3,28.0,32.051670812,0.73,0.44,0.15
359.0,19.0,141.0,154.0,10.91,942.0,801.0,56.0,68.750606854188,0.43,0.3,0.21
229.68,0.0,118.16,195.23,6.13,1028.1,757.63,100.0,40.85834776,0.85,0.56,0.13
238.05,0.0,94.11,186.66,7.0,949.91,847.01,3.0,19.93275116,0.78,0.56,0.13
213.5,0.0,174.24,159.21,11.66,1043.6,771.9,28.0,44.63667624,0.75,0.41,0.12
165.0,128.5,132.1,175.06,8.08,1005.8,746.6,14.0,33.08795324,1.06,0.41,0.09
424.0,22.0,132.0,168.0,8.92,822.0,750.0,7.0,40.2850977152707,0.4,0.29,0.27
229.97,0.0,118.31,195.47,4.63,1029.4,758.59,14.0,20.08443588,0.85,0.56,0.13
139.6,209.4,0.0,192.0,0.0,1047.0,806.9,360.0,44.698039604,1.38,0.55,0.08
168.88,42.22,124.25,158.33,10.83,1080.8,796.15,3.0,7.39807748,0.94,0.47,0.09
332.5,142.5,0.0,228.0,0.0,932.0,594.0,7.0,30.275580636,0.69,0.48,0.22
339.0,0.0,0.0,185.0,0.0,1069.0,754.0,28.0,31.84000168,0.55,0.55,0.19
427.5,47.5,0.0,228.0,0.0,932.0,594.0,270.0,43.01296026,0.53,0.48,0.28
246.83,0.0,125.08,143.3,11.99,1086.8,800.89,28.0,52.5035974,0.58,0.39,0.13
284.0,15.0,141.0,179.0,5.46,842.0,801.0,56.0,44.5204502847293,0.63,0.41,0.17
194.68,0.0,100.52,170.17,7.48,998.0,901.8,14.0,24.28334472,0.87,0.58,0.1
238.2,158.8,0.0,185.7,0.0,1040.6,734.3,7.0,15.691094808,0.78,0.47,0.13
313.0,145.0,0.0,127.0,8.0,1000.0,822.0,28.0,44.51946532,0.41,0.28,0.17
116.0,173.0,0.0,192.0,0.0,909.8,891.9,7.0,10.089791784,1.66,0.66,0.06
222.36,0.0,96.67,189.29,4.46,967.08,870.32,3.0,11.57630204,0.85,0.59,0.12
249.1,0.0,98.75,158.11,12.8,987.76,889.01,3.0,15.36152528,0.63,0.45,0.13
190.34,0.0,125.18,161.85,9.88,1088.1,802.59,14.0,22.7182342,0.85,0.51,0.1
165.0,0.02,143.57,163.81,0.0,1005.6,900.9,56.0,36.56291228,0.99,0.53,0.09
290.35,0.0,96.18,168.08,9.41,961.18,865.0,3.0,22.50449664,0.58,0.43,0.16
252.0,97.0,76.0,194.0,8.0,835.0,821.0,28.0,33.39821744,0.77,0.46,0.15
322.0,0.0,116.0,196.0,10.0,818.0,813.0,28.0,31.17810472,0.61,0.45,0.2
213.72,98.05,24.51,181.71,6.86,1065.8,785.38,28.0,45.70536404,0.85,0.54,0.12
288.4,121.0,0.0,177.4,7.0,907.9,829.5,28.0,42.140083644,0.62,0.43,0.17
213.74,0.0,174.74,154.79,10.16,1053.5,776.35,28.0,40.14818748,0.72,0.4,0.12
332.5,142.5,0.0,228.0,0.0,932.0,594.0,270.0,40.269535256,0.69,0.48,0.22
387.0,20.0,94.0,157.0,14.32,938.0,845.0,56.0,56.33708396,0.41,0.31,0.22
349.0,0.0,0.0,192.0,0.0,1056.0,809.0,7.0,9.01145132,0.55,0.55,0.19
252.0,0.0,0.0,185.0,0.0,1111.0,784.0,28.0,19.69143456,0.73,0.73,0.13
313.0,145.0,0.0,178.0,8.0,867.0,824.0,28.0,44.38846488,0.57,0.39,0.19
251.81,0.0,99.94,146.14,12.35,1006.0,899.76,100.0,45.3675208,0.58,0.42,0.13
202.0,11.0,141.0,206.0,1.72,942.0,801.0,3.0,9.84965714581204,1.02,0.58,0.12
142.0,167.0,130.0,174.0,11.0,883.0,785.0,28.0,44.6090972,1.23,0.4,0.09
289.0,134.0,0.0,195.0,6.0,924.0,760.0,28.0,46.24315532,0.67,0.46,0.17
540.0,0.0,0.0,173.0,0.0,1125.0,613.0,28.0,67.30664712,0.32,0.32,0.31
167.35,129.9,128.62,175.46,7.79,1006.3,746.6,3.0,14.94094492,1.05,0.41,0.1
251.37,0.0,118.27,188.45,5.75,1028.4,757.73,14.0,29.93015316,0.75,0.51,0.14
298.1,0.0,107.0,186.4,6.1,879.0,815.2,28.0,42.6440906,0.63,0.46,0.18
200.0,0.0,0.0,180.0,0.0,1125.0,845.0,28.0,12.24509376,0.9,0.9,0.1
350.0,0.0,0.0,186.0,0.0,1050.0,770.0,28.0,34.29453624,0.53,0.53,0.19
300.0,0.0,120.0,212.0,10.0,878.0,728.0,28.0,23.83518532,0.71,0.5,0.19
252.5,0.0,0.0,185.7,0.0,1111.6,784.3,28.0,19.765208492,0.74,0.74,0.13
297.16,0.0,117.54,174.8,9.52,1022.8,753.45,56.0,51.95891136,0.59,0.42,0.17
318.0,0.0,126.0,210.0,6.0,861.0,737.0,28.0,40.0585556,0.66,0.47,0.2
295.71,0.0,95.64,171.54,8.87,955.14,859.2,56.0,48.71837416,0.58,0.44,0.16
277.05,0.0,97.39,160.6,11.83,973.9,875.61,100.0,55.6407132,0.58,0.43,0.15
238.0,0.0,0.0,186.0,0.0,1119.0,789.0,7.0,12.05204048,0.78,0.78,0.12
213.76,98.06,24.52,181.74,6.65,1066.0,785.52,56.0,47.13257936,0.85,0.54,0.12
249.1,0.0,98.75,158.11,12.8,987.76,889.01,100.0,51.0556978,0.63,0.45,0.13
277.05,0.0,97.39,160.6,11.83,973.9,875.61,28.0,48.28400428,0.58,0.43,0.15
134.7,0.0,165.7,180.2,10.0,961.0,804.9,28.0,13.293786756,1.34,0.6,0.08
213.5,0.0,174.24,154.61,11.66,1052.3,775.48,14.0,33.70158688,0.72,0.4,0.12
236.0,0.0,0.0,194.0,0.0,968.0,885.0,3.0,6.46728488,0.82,0.82,0.13
198.6,132.4,0.0,192.0,0.0,978.4,825.5,7.0,14.638264956,0.97,0.58,0.11
229.97,0.0,118.31,195.47,4.63,1029.4,758.59,100.0,35.34253976,0.85,0.56,0.13
375.0,93.8,0.0,126.6,23.4,852.1,992.6,28.0,56.69561148,0.34,0.27,0.2
255.5,170.3,0.0,185.7,0.0,1026.6,724.3,7.0,17.236210524,0.73,0.44,0.15
380.0,0.0,0.0,228.0,0.0,932.0,670.0,270.0,53.300631656,0.6,0.6,0.24
425.0,106.3,0.0,153.5,16.5,852.1,887.1,3.0,33.39821744,0.36,0.29,0.24
151.8,178.1,138.7,167.5,18.3,944.0,694.6,28.0,36.349864196,1.1,0.36,0.09
427.5,47.5,0.0,228.0,0.0,932.0,594.0,90.0,41.542997428,0.53,0.48,0.28
339.0,0.0,0.0,197.0,0.0,968.0,781.0,90.0,35.17017076,0.58,0.58,0.19
355.0,19.0,97.0,145.0,13.13,967.0,871.0,28.0,44.02993736,0.41,0.31,0.19
297.0,0.0,0.0,186.0,0.0,1040.0,734.0,7.0,30.9574724,0.63,0.63,0.17
251.37,0.0,118.27,188.45,6.35,1028.4,757.73,14.0,24.42813468,0.75,0.51,0.14
450.1,50.0,0.0,200.0,3.0,1124.4,613.2,28.0,39.37597436,0.44,0.4,0.26
173.81,93.37,159.9,172.34,9.73,1007.2,746.6,3.0,15.81657944,0.99,0.4,0.1
173.54,50.05,173.53,164.77,6.47,1006.2,793.5,3.0,23.07676172,0.95,0.41,0.1
181.38,0.0,167.01,169.59,7.56,1055.6,777.8,28.0,27.77209328,0.93,0.49,0.1
252.31,0.0,98.75,146.25,14.17,987.76,889.01,100.0,60.9496784,0.58,0.42,0.13
296.0,0.0,0.0,186.0,0.0,1090.0,769.0,28.0,25.17966352,0.63,0.63,0.16
173.54,50.05,173.53,164.77,6.47,1006.2,793.5,14.0,33.00521612,0.95,0.41,0.1
238.0,0.0,0.0,186.0,0.0,1119.0,789.0,28.0,17.54026944,0.78,0.78,0.12
212.57,0.0,100.39,159.35,10.37,1003.8,903.79,14.0,25.3727168,0.75,0.51,0.11
387.0,20.0,94.0,157.0,11.61,938.0,845.0,3.0,34.77027468,0.41,0.31,0.22
141.3,212.0,0.0,203.5,0.0,971.8,748.5,7.0,10.3938507,1.44,0.58,0.08
218.23,54.64,123.78,140.75,11.91,1075.7,792.67,28.0,55.50971276,0.64,0.35,0.12
218.23,54.64,123.78,140.75,11.91,1075.7,792.67,3.0,27.42046052,0.64,0.35,0.12
296.0,0.0,106.7,221.4,10.5,819.2,778.4,28.0,31.420110796,0.75,0.55,0.19
304.0,76.0,0.0,228.0,0.0,932.0,670.0,270.0,54.378282644,0.75,0.6,0.19
250.0,0.0,95.69,191.84,5.33,948.9,857.2,14.0,24.65566176,0.77,0.55,0.14
337.9,189.0,0.0,174.9,9.5,944.7,755.8,3.0,24.0971862,0.52,0.33,0.2
183.9,122.6,0.0,203.5,0.0,959.2,800.0,28.0,24.046164976,1.11,0.66,0.1
212.0,0.0,124.78,159.0,7.84,1085.4,799.54,14.0,31.35047372,0.75,0.47,0.11
281.0,0.0,0.0,185.0,0.0,1104.0,774.0,28.0,22.43554904,0.66,0.66,0.15
312.9,160.5,0.0,177.6,9.6,916.6,759.5,28.0,52.446370892,0.57,0.38,0.19
405.0,0.0,0.0,175.0,0.0,1120.0,695.0,28.0,52.30364936,0.43,0.43,0.22
249.1,0.0,98.75,158.11,12.8,987.76,889.01,28.0,30.84715624,0.63,0.45,0.13
362.6,189.0,0.0,164.9,11.6,944.7,755.8,91.0,79.29663476,0.45,0.3,0.21
284.0,15.0,141.0,179.0,5.46,842.0,801.0,28.0,43.73346268,0.63,0.41,0.17
168.88,42.22,124.25,158.33,10.83,1080.8,796.15,28.0,31.11605188,0.94,0.47,0.09
286.3,200.9,0.0,144.7,11.2,1004.6,803.7,7.0,37.99702236,0.51,0.3,0.16
148.0,0.0,182.0,181.0,15.0,839.0,884.0,28.0,15.52010476,1.22,0.55,0.09
144.0,136.0,106.0,178.0,7.0,941.0,774.0,28.0,26.14492992,1.24,0.46,0.08
491.0,26.0,123.0,201.0,3.93,822.0,699.0,56.0,61.855846854188,0.41,0.31,0.32
153.0,145.0,113.0,178.0,8.0,867.0,824.0,28.0,26.22766704,1.16,0.43,0.09
525.0,0.0,0.0,189.0,0.0,1125.0,613.0,14.0,48.4012152,0.36,0.36,0.3
290.2,193.5,0.0,185.7,0.0,998.2,704.3,28.0,33.0431373,0.64,0.38,0.17
212.57,0.0,100.39,159.35,10.37,1003.8,903.79,28.0,37.404073,0.75,0.51,0.11
108.3,162.4,0.0,203.5,0.0,938.2,849.0,3.0,2.331807832,1.88,0.75,0.06
359.0,19.0,141.0,154.0,10.91,942.0,801.0,3.0,25.1166257152707,0.43,0.3,0.21
333.0,0.0,0.0,192.0,0.0,931.2,842.6,3.0,15.615941924,0.58,0.58,0.19
147.0,115.0,89.0,202.0,9.0,860.0,829.0,28.0,19.98790924,1.37,0.58,0.09
362.6,189.0,0.0,164.9,11.6,944.7,755.8,28.0,71.29871316,0.45,0.3,0.21
146.0,173.0,0.0,182.0,3.0,986.0,817.0,28.0,23.73865868,1.25,0.57,0.08
355.9,0.0,141.6,193.3,11.0,801.4,778.4,28.0,40.8686899,0.54,0.39,0.23
326.0,166.0,0.0,174.0,9.0,882.0,790.0,28.0,61.23236356,0.53,0.35,0.19
252.31,0.0,98.75,146.25,14.17,987.76,889.01,56.0,55.82687172,0.58,0.42,0.13
300.0,0.0,0.0,184.0,0.0,1075.0,795.0,28.0,26.84819544,0.61,0.61,0.16
277.0,0.0,0.0,191.0,0.0,968.0,856.0,90.0,31.25394708,0.69,0.69,0.15
475.0,0.0,0.0,228.0,0.0,932.0,594.0,7.0,38.60376124,0.48,0.48,0.31
425.0,106.3,0.0,151.4,18.6,936.0,803.7,91.0,66.69990824,0.36,0.28,0.24
238.05,0.0,94.11,186.66,7.0,949.91,847.01,100.0,44.298833,0.78,0.56,0.13
446.0,24.0,79.0,162.0,11.61,967.0,712.0,7.0,52.00717468,0.36,0.3,0.27
213.74,0.0,174.74,154.79,10.16,1053.5,776.35,3.0,17.57474324,0.72,0.4,0.12
522.0,0.0,0.0,146.0,0.0,896.0,896.0,28.0,74.98740976,0.28,0.28,0.29
331.0,0.0,0.0,192.0,0.0,1025.0,821.0,28.0,31.74347504,0.58,0.58,0.18
220.8,147.2,0.0,185.7,0.0,1055.0,744.3,7.0,13.089012384,0.84,0.5,0.12
475.0,0.0,59.0,142.0,1.9,1098.0,641.0,28.0,57.226508,0.3,0.27,0.27
158.4,0.0,194.9,219.7,11.0,897.7,712.9,28.0,8.536402356,1.39,0.62,0.1
272.8,181.9,0.0,185.7,0.0,1012.4,714.3,7.0,19.765208492,0.68,0.41,0.16
342.0,38.0,0.0,228.0,0.0,932.0,670.0,270.0,55.064311264,0.67,0.6,0.21
312.7,0.0,0.0,178.1,8.0,999.7,822.2,28.0,25.10382116,0.57,0.57,0.17
151.6,0.0,111.9,184.4,7.9,992.0,815.9,28.0,12.180972492,1.22,0.7,0.08
214.9,53.8,121.89,155.63,9.61,1014.3,780.58,56.0,53.95839176,0.72,0.4,0.12
212.52,0.0,100.37,159.32,8.71,1007.8,903.59,3.0,13.54130864,0.75,0.51,0.11
350.0,0.0,0.0,203.0,0.0,974.0,775.0,180.0,32.72253096,0.58,0.58,0.2
218.23,54.64,123.78,140.75,11.91,1075.7,792.67,56.0,61.99078716,0.64,0.35,0.12
166.09,0.0,163.27,176.46,4.49,1058.6,780.09,28.0,21.53923024,1.06,0.54,0.09
213.76,98.06,24.52,181.74,6.65,1066.0,785.52,14.0,17.83674412,0.85,0.54,0.12
500.0,0.0,0.0,151.0,9.0,1033.0,655.0,28.0,69.83702404,0.3,0.3,0.3
298.0,0.0,107.0,164.0,13.0,953.0,784.0,28.0,35.85964676,0.55,0.4,0.17
277.05,0.0,97.39,160.6,11.83,973.9,875.61,14.0,41.885667,0.58,0.43,0.15
350.0,0.0,0.0,203.0,0.0,974.0,775.0,7.0,18.12632404,0.58,0.58,0.2
349.0,0.0,0.0,192.0,0.0,1047.0,806.0,90.0,39.48629052,0.55,0.55,0.19
322.2,0.0,115.6,196.0,10.4,817.9,813.4,28.0,31.178794196,0.61,0.45,0.2
250.0,0.0,95.69,187.42,5.53,956.86,861.17,3.0,13.81709904,0.75,0.54,0.14
149.0,236.0,0.0,176.0,13.0,847.0,893.0,28.0,32.9569528,1.18,0.46,0.09
251.37,0.0,118.27,192.94,5.75,1043.6,754.3,56.0,39.2656582,0.77,0.52,0.14
313.3,262.2,0.0,175.5,8.6,1046.9,611.8,3.0,28.79941252,0.56,0.3,0.19
313.3,262.2,0.0,175.5,8.6,1046.9,611.8,7.0,42.79577532,0.56,0.3,0.19
475.0,0.0,0.0,228.0,0.0,932.0,594.0,270.0,42.131120456,0.48,0.48,0.31
480.0,0.0,0.0,192.0,0.0,936.0,721.0,28.0,43.89204216,0.4,0.4,0.29
212.57,0.0,100.39,159.35,10.37,1003.8,903.79,3.0,13.33446584,0.75,0.51,0.11
212.07,0.0,121.62,180.31,5.69,1057.6,779.32,3.0,12.47262084,0.85,0.54,0.12
190.34,0.0,125.18,166.61,9.88,1079.0,798.9,14.0,19.41564416,0.88,0.53,0.1
310.0,0.0,0.0,192.0,0.0,970.0,850.0,180.0,37.32823064,0.62,0.62,0.17
331.0,0.0,0.0,192.0,0.0,978.0,825.0,3.0,13.52062436,0.58,0.58,0.18
323.7,282.8,0.0,183.8,10.3,942.7,659.9,3.0,28.29609504,0.57,0.3,0.2
277.0,0.0,0.0,191.0,0.0,968.0,856.0,180.0,32.32952964,0.69,0.69,0.15
401.8,94.7,0.0,147.4,11.4,946.8,852.1,3.0,41.09966436,0.37,0.3,0.22
154.8,183.4,0.0,193.3,9.1,1047.4,696.7,28.0,18.287661424,1.25,0.57,0.09
446.0,24.0,79.0,162.0,11.64,967.0,712.0,56.0,56.14403068,0.36,0.3,0.27
316.1,210.7,0.0,185.7,0.0,977.0,689.3,7.0,24.437787344,0.59,0.35,0.19
310.0,143.0,111.0,168.0,22.0,914.0,651.0,28.0,33.68779736,0.54,0.3,0.2
266.0,114.0,0.0,228.0,0.0,932.0,670.0,90.0,47.029847436,0.86,0.6,0.17
295.71,0.0,95.64,171.54,8.87,955.14,859.2,14.0,35.2322236,0.58,0.44,0.16
322.0,0.0,0.0,203.0,0.0,974.0,800.0,180.0,29.58541516,0.63,0.63,0.18
318.8,212.5,0.0,155.7,14.3,852.1,880.4,7.0,33.39821744,0.49,0.29,0.18
375.0,93.8,0.0,126.6,23.4,852.1,992.6,7.0,45.69846928,0.34,0.27,0.2
277.19,97.82,24.46,160.7,11.19,1061.7,782.46,3.0,30.44726016,0.58,0.4,0.15
254.0,0.0,0.0,198.0,0.0,968.0,863.0,365.0,29.7853632,0.78,0.78,0.14
251.81,0.0,99.94,146.14,12.35,1006.0,899.76,3.0,21.02212324,0.58,0.42,0.13
136.4,161.6,125.8,171.6,10.4,922.6,764.4,28.0,29.073134492,1.26,0.4,0.08
339.0,0.0,0.0,197.0,0.0,968.0,781.0,28.0,32.03994972,0.58,0.58,0.19
153.6,144.2,112.3,220.1,10.1,923.2,657.9,28.0,16.503987012,1.43,0.54,0.1
251.37,0.0,118.27,188.45,6.35,1028.4,757.73,28.0,32.66047812,0.75,0.51,0.14
339.0,0.0,0.0,197.0,0.0,968.0,781.0,7.0,20.96696516,0.58,0.58,0.19
212.0,0.0,124.78,159.0,7.84,1085.4,799.54,28.0,38.50033984,0.75,0.47,0.11
393.0,0.0,0.0,192.0,0.0,940.6,785.6,28.0,39.604880392,0.49,0.49,0.23
164.0,163.0,128.0,197.0,8.0,961.0,641.0,28.0,27.234302,1.2,0.43,0.1
173.0,116.0,0.0,192.0,0.0,946.8,856.8,7.0,11.392211948,1.11,0.66,0.1
491.0,26.0,123.0,201.0,3.93,822.0,699.0,3.0,29.5489714305414,0.41,0.31,0.32
152.6,238.7,0.0,200.0,6.3,1001.8,683.9,28.0,26.859916532,1.31,0.51,0.09
272.8,181.9,0.0,185.7,0.0,1012.4,714.3,28.0,31.38150014,0.68,0.41,0.16
425.0,106.3,0.0,153.5,16.5,852.1,887.1,28.0,60.2946762,0.36,0.29,0.24
149.0,153.0,194.0,192.0,8.0,935.0,623.0,28.0,24.5798194,1.29,0.39,0.1
250.0,0.0,95.69,187.42,5.53,956.86,861.17,14.0,24.91766264,0.75,0.54,0.14
339.0,0.0,0.0,197.0,0.0,968.0,781.0,365.0,38.89334116,0.58,0.58,0.19
181.38,0.0,167.01,169.59,7.56,1055.6,777.8,14.0,21.60128308,0.93,0.49,0.1
172.38,13.61,172.37,156.76,4.14,1006.3,856.4,28.0,33.68779736,0.91,0.44,0.09
475.0,0.0,0.0,228.0,0.0,932.0,594.0,28.0,39.28978986,0.48,0.48,0.31
167.0,75.4,167.0,164.03,7.91,1007.3,770.1,14.0,32.90179472,0.98,0.4,0.09
194.68,0.0,100.52,165.62,7.48,1006.4,905.9,28.0,25.72434956,0.85,0.56,0.1
236.0,157.0,0.0,192.0,0.0,972.6,749.1,28.0,32.88455782,0.81,0.49,0.14
218.85,0.0,124.13,158.49,11.33,1078.7,794.91,14.0,26.04840328,0.72,0.46,0.12
318.8,212.5,0.0,155.7,14.3,852.1,880.4,3.0,25.2003478,0.49,0.29,0.18
210.7,316.1,0.0,185.7,0.0,977.0,689.3,28.0,37.813621744,0.88,0.35,0.13
313.3,0.0,113.0,178.5,8.0,1001.9,688.7,28.0,36.804918356,0.57,0.42,0.19
305.3,203.5,0.0,203.5,0.0,965.4,631.0,90.0,54.598914964,0.67,0.4,0.19
229.68,0.0,118.16,195.23,6.13,1028.1,757.63,3.0,13.35515012,0.85,0.56,0.13
366.0,187.0,0.0,191.0,7.0,824.0,757.0,28.0,65.90701084,0.52,0.35,0.23
229.97,0.0,118.31,195.47,4.63,1029.4,758.59,28.0,24.48329276,0.85,0.56,0.13
525.0,0.0,0.0,189.0,0.0,1125.0,613.0,270.0,67.11359384,0.36,0.36,0.3
446.0,24.0,79.0,162.0,11.61,967.0,712.0,3.0,35.36322404,0.36,0.3,0.27
255.0,0.0,0.0,192.0,0.0,889.8,945.0,3.0,8.204074924,0.75,0.75,0.14
167.95,42.08,163.83,121.75,5.72,1058.7,780.11,56.0,32.8535314,0.72,0.33,0.09
298.1,0.0,107.5,163.6,12.8,953.2,784.0,28.0,35.865852044,0.55,0.4,0.17
186.2,124.1,0.0,185.7,0.0,1083.4,764.3,28.0,17.596806472,1.0,0.6,0.1
167.0,75.4,167.0,164.03,7.91,1007.3,770.1,56.0,53.46196904,0.98,0.4,0.09
314.0,145.0,113.0,179.0,8.0,869.0,690.0,28.0,46.2293658,0.57,0.31,0.2
424.0,22.0,132.0,168.0,8.92,822.0,750.0,56.0,74.3649114581204,0.4,0.29,0.27
446.0,24.0,79.0,162.0,11.64,967.0,712.0,7.0,38.01770664,0.36,0.3,0.27
298.0,0.0,107.0,210.0,11.0,880.0,744.0,28.0,31.87447548,0.7,0.52,0.18
491.0,26.0,123.0,210.0,3.93,882.0,699.0,28.0,55.55108132,0.43,0.33,0.31
387.0,20.0,94.0,157.0,13.93,938.0,845.0,28.0,46.68441996,0.41,0.31,0.22
380.0,95.0,0.0,228.0,0.0,932.0,594.0,28.0,36.447769788,0.6,0.48,0.25
157.0,214.0,152.0,200.0,9.0,819.0,704.0,28.0,33.05347944,1.27,0.38,0.1
362.6,189.0,0.0,164.9,11.6,944.7,755.8,56.0,77.29715436,0.45,0.3,0.21
277.19,97.82,24.46,160.7,11.19,1061.7,782.46,56.0,66.82401392,0.58,0.4,0.15
254.0,0.0,0.0,198.0,0.0,968.0,863.0,90.0,26.94472208,0.78,0.78,0.14
166.09,0.0,163.27,176.46,4.49,1058.6,780.09,100.0,33.5430074,1.06,0.54,0.09
246.83,0.0,125.08,143.3,11.99,1086.8,800.89,3.0,23.52492112,0.58,0.39,0.13
250.2,166.8,0.0,203.5,0.0,977.6,694.1,7.0,19.35014394,0.81,0.49,0.15
202.0,11.0,141.0,206.0,1.72,942.0,801.0,56.0,23.245190854188,1.02,0.58,0.12
153.0,145.0,0.0,178.0,8.0,1000.0,822.0,28.0,19.00885332,1.16,0.6,0.08
173.81,93.37,159.9,172.34,9.73,1007.2,746.6,100.0,50.93848688,0.99,0.4,0.1
122.6,183.9,0.0,203.5,0.0,958.2,800.1,90.0,33.192064116,1.66,0.66,0.07
321.0,0.0,128.0,182.0,11.0,870.0,780.0,28.0,37.25928304,0.57,0.41,0.19
166.8,250.2,0.0,203.5,0.0,975.6,692.6,3.0,6.902344236,1.22,0.49,0.1
192.0,288.0,0.0,192.0,0.0,929.8,716.1,90.0,50.732333556,1.0,0.4,0.12
331.0,0.0,0.0,192.0,0.0,978.0,825.0,7.0,16.26473884,0.58,0.58,0.18
289.0,0.0,0.0,192.0,0.0,913.2,895.3,3.0,11.654902304,0.66,0.66,0.16
322.5,148.6,0.0,185.8,8.5,951.0,709.5,28.0,52.426376088,0.58,0.39,0.19
159.1,186.7,0.0,175.6,11.3,989.6,788.9,28.0,32.768036376,1.1,0.51,0.09
153.0,102.0,0.0,192.0,0.0,888.0,943.1,3.0,4.782205536,1.25,0.75,0.08
252.0,0.0,0.0,186.0,0.0,1111.0,784.0,7.0,11.46598588,0.74,0.74,0.13
302.0,0.0,0.0,203.0,0.0,974.0,817.0,14.0,18.12632404,0.67,0.67,0.17
313.3,262.2,0.0,175.5,8.6,1046.9,611.8,91.0,66.59648684,0.56,0.3,0.19
167.95,42.08,163.83,121.75,5.72,1058.7,780.11,100.0,39.2311844,0.72,0.33,0.09
252.5,0.0,0.0,185.7,0.0,1111.6,784.3,7.0,11.483912256,0.74,0.74,0.13
152.0,178.0,139.0,168.0,18.0,944.0,695.0,28.0,36.34917472,1.11,0.36,0.09
229.97,0.0,118.31,195.47,4.63,1029.4,758.59,56.0,31.53663224,0.85,0.56,0.13
313.0,0.0,113.0,178.0,8.0,1002.0,689.0,28.0,36.80422888,0.57,0.42,0.19
531.3,0.0,0.0,141.8,28.2,852.1,893.7,3.0,41.2996124,0.27,0.27,0.3
531.3,0.0,0.0,141.8,28.2,852.1,893.7,56.0,58.79851328,0.27,0.27,0.3
290.35,0.0,96.18,168.08,9.41,961.18,865.0,56.0,45.08483564,0.58,0.43,0.16
178.03,129.8,118.6,179.94,3.57,1007.3,746.8,56.0,48.58737372,1.01,0.42,0.1
213.5,0.0,174.24,159.21,11.66,1043.6,771.9,14.0,29.59230992,0.75,0.41,0.12
170.3,155.5,0.0,185.7,0.0,1026.6,724.3,28.0,25.726417988,1.09,0.57,0.1
359.0,19.0,141.0,154.0,10.91,942.0,801.0,56.0,66.7806754305414,0.43,0.3,0.21
380.0,0.0,0.0,228.0,0.0,932.0,670.0,180.0,53.104130996,0.6,0.6,0.24
172.38,13.61,172.37,156.76,4.14,1006.3,856.4,56.0,35.852752,0.91,0.44,0.09
286.3,200.9,0.0,144.7,11.2,1004.6,803.7,28.0,67.69964844,0.51,0.3,0.16
225.0,0.0,0.0,181.0,0.0,1113.0,833.0,7.0,11.1695112,0.8,0.8,0.12
446.0,24.0,79.0,162.0,11.61,967.0,712.0,56.0,61.06688932,0.36,0.3,0.27
238.1,0.0,0.0,185.7,0.0,1118.8,789.3,28.0,17.576122192,0.78,0.78,0.12
295.71,0.0,95.64,171.54,8.87,955.14,859.2,28.0,39.94134468,0.58,0.44,0.16
178.03,129.8,118.6,179.94,3.57,1007.3,746.8,3.0,20.72564856,1.01,0.42,0.1
255.0,0.0,0.0,192.0,0.0,889.8,945.0,28.0,18.746162964,0.75,0.75,0.14
108.3,162.4,0.0,203.5,0.0,938.2,849.0,7.0,7.723510152,1.88,0.75,0.06
333.0,0.0,0.0,192.0,0.0,931.2,842.6,90.0,41.680203152,0.58,0.58,0.19
159.0,209.0,161.0,201.0,7.0,848.0,669.0,28.0,30.88163004,1.26,0.38,0.1
164.0,0.0,200.0,181.0,13.0,849.0,846.0,28.0,15.08573488,1.1,0.5,0.1
540.0,0.0,0.0,162.0,2.5,1040.0,676.0,28.0,79.98611076,0.3,0.3,0.31
167.35,129.9,128.62,175.46,7.79,1006.3,746.6,14.0,31.81242264,1.05,0.41,0.1
218.23,54.64,123.78,140.75,11.91,1075.7,792.67,14.0,35.9561734,0.64,0.35,0.12
505.0,0.0,60.0,195.0,0.0,1030.0,630.0,28.0,64.0178466,0.39,0.35,0.3
251.81,0.0,99.94,146.14,12.35,1006.0,899.76,28.0,33.94290348,0.58,0.42,0.13
382.0,0.0,0.0,185.0,0.0,1047.0,739.0,28.0,37.42475728,0.48,0.48,0.21
236.0,0.0,0.0,193.0,0.0,968.0,885.0,7.0,9.99050724,0.82,0.82,0.13
158.8,238.2,0.0,185.7,0.0,1040.6,734.3,7.0,9.617500724,1.17,0.47,0.09
313.8,0.0,112.6,169.9,10.1,925.3,782.9,28.0,38.461039708,0.54,0.4,0.18
307.0,0.0,0.0,193.0,0.0,968.0,812.0,365.0,36.14922668,0.63,0.63,0.17
425.0,106.3,0.0,153.5,16.5,852.1,887.1,91.0,65.19685056,0.36,0.29,0.24
173.54,50.05,173.53,164.77,6.47,1006.2,793.5,56.0,53.77223324,0.95,0.41,0.1
531.3,0.0,0.0,141.8,28.2,852.1,893.7,28.0,56.3991368,0.27,0.27,0.3
145.0,0.0,179.0,202.0,8.0,824.0,869.0,28.0,10.53519328,1.39,0.62,0.09
212.0,141.3,0.0,203.5,0.0,973.4,750.0,7.0,15.0305768,0.96,0.58,0.12
325.0,0.0,0.0,184.0,0.0,1063.0,783.0,7.0,17.54026944,0.57,0.57,0.18
389.9,189.0,0.0,145.9,22.0,944.7,755.8,3.0,40.59634688,0.37,0.25,0.23
389.9,189.0,0.0,145.9,22.0,944.7,755.8,91.0,82.5992248,0.37,0.25,0.23
218.23,54.64,123.78,140.75,11.91,1075.7,792.67,100.0,63.52831864,0.64,0.35,0.12
393.0,0.0,0.0,192.0,0.0,940.6,785.6,3.0,19.199148696,0.49,0.49,0.23
251.37,0.0,118.27,188.45,5.75,1028.4,757.73,3.0,17.22311048,0.75,0.51,0.14
155.0,0.0,143.0,193.0,9.0,1047.0,697.0,28.0,12.45883132,1.25,0.65,0.09
164.2,0.0,200.1,181.2,12.6,849.3,846.0,28.0,15.091250688,1.1,0.5,0.1
485.0,0.0,0.0,146.0,0.0,1120.0,800.0,28.0,71.98818916,0.3,0.3,0.25
182.04,45.21,121.97,170.21,8.19,1059.4,780.65,28.0,31.2677366,0.94,0.49,0.1
379.5,151.2,0.0,153.9,15.9,1134.3,605.0,28.0,52.20022796,0.41,0.29,0.22
290.35,0.0,96.18,168.08,9.41,961.18,865.0,14.0,34.67374804,0.58,0.43,0.16
255.0,0.0,0.0,192.0,0.0,889.8,945.0,90.0,21.859147104,0.75,0.75,0.14
252.31,0.0,98.75,146.25,14.17,987.76,889.01,28.0,50.60064364,0.58,0.42,0.13
475.0,118.8,0.0,181.1,8.9,852.1,781.5,56.0,72.29845336,0.38,0.3,0.29
480.0,0.0,0.0,192.0,0.0,936.2,712.2,90.0,54.315540328,0.4,0.4,0.29
192.0,288.0,0.0,192.0,0.0,929.8,716.1,28.0,39.321505756,1.0,0.4,0.12
314.0,145.3,113.2,178.9,8.0,869.1,690.2,28.0,46.234192132,0.57,0.31,0.2
439.0,177.0,0.0,186.0,11.1,884.9,707.9,28.0,65.99664272,0.42,0.3,0.28
275.07,0.0,121.35,159.48,9.9,1053.6,777.5,100.0,58.60546,0.58,0.4,0.15
166.0,260.0,0.0,183.0,13.0,859.0,827.0,28.0,37.91428524,1.1,0.43,0.1
427.5,47.5,0.0,228.0,0.0,932.0,594.0,28.0,37.427515184,0.53,0.48,0.28
350.0,0.0,0.0,186.0,0.0,1050.0,770.0,7.0,20.27748916,0.53,0.53,0.19
233.81,0.0,94.58,197.89,4.567,947.04,852.16,100.0,34.55653712,0.85,0.6,0.13
192.0,288.0,0.0,192.0,0.0,929.8,716.1,3.0,12.788400848,1.0,0.4,0.12
331.0,0.0,0.0,192.0,0.0,1025.0,821.0,120.0,39.38286912,0.58,0.58,0.18
165.0,128.5,132.1,175.06,8.08,1005.8,746.6,28.0,46.38794528,1.06,0.41,0.09
310.0,0.0,0.0,192.0,0.0,970.0,850.0,360.0,38.11423328,0.62,0.62,0.17
310.0,0.0,0.0,192.0,0.0,1012.0,830.0,7.0,17.24379476,0.62,0.62,0.17
313.3,262.2,0.0,175.5,8.6,1046.9,611.8,56.0,64.90037588,0.56,0.3,0.19
318.8,212.5,0.0,155.7,14.3,852.1,880.4,91.0,68.09954452,0.49,0.29,0.18
380.0,95.0,0.0,228.0,0.0,932.0,594.0,365.0,43.698299404,0.6,0.48,0.25
349.0,0.0,0.0,192.0,0.0,1056.0,809.0,90.0,40.65839972,0.55,0.55,0.19
203.5,135.7,0.0,185.7,0.0,1076.2,759.3,7.0,11.957582268,0.91,0.55,0.11
262.0,111.0,86.0,195.0,5.0,895.0,733.0,28.0,33.7153764,0.74,0.42,0.16
387.0,20.0,94.0,157.0,14.32,938.0,845.0,7.0,36.83870268,0.41,0.31,0.22
339.2,0.0,0.0,185.7,0.0,1069.2,754.3,28.0,31.899986092,0.55,0.55,0.19
425.0,106.3,0.0,151.4,18.6,936.0,803.7,3.0,36.3009114,0.36,0.28,0.24
296.0,0.0,0.0,192.0,0.0,1085.0,765.0,7.0,14.2032056,0.65,0.65,0.16
289.0,0.0,0.0,192.0,0.0,913.2,895.3,90.0,32.068218236,0.66,0.66,0.16
213.76,98.06,24.52,181.74,6.65,1066.0,785.52,100.0,49.97322048,0.85,0.54,0.12
469.0,117.2,0.0,137.8,32.2,852.1,840.5,56.0,69.29923276,0.29,0.24,0.28
331.0,170.0,0.0,195.0,8.0,811.0,802.0,28.0,56.61287436,0.59,0.39,0.21
213.76,98.06,24.52,181.74,6.65,1066.0,785.52,3.0,13.18278112,0.85,0.54,0.12
166.09,0.0,163.27,176.46,4.49,1058.6,780.09,14.0,25.48303296,1.06,0.54,0.09
190.34,0.0,125.18,161.85,9.88,1088.1,802.59,3.0,9.4458212,0.85,0.51,0.1
540.0,0.0,0.0,173.0,0.0,1125.0,613.0,180.0,71.62276688,0.32,0.32,0.31
238.1,0.0,0.0,185.7,0.0,1118.8,789.3,7.0,10.335934716,0.78,0.78,0.12
500.0,0.0,0.0,200.0,0.0,1125.0,613.0,28.0,44.0919902,0.4,0.4,0.29
222.36,0.0,96.67,189.29,4.46,967.08,870.32,14.0,24.44881896,0.85,0.59,0.12
427.5,47.5,0.0,228.0,0.0,932.0,594.0,365.0,43.698299404,0.53,0.48,0.28
379.5,151.2,0.0,153.9,15.9,1134.3,605.0,7.0,47.09810556,0.41,0.29,0.22
183.9,122.6,0.0,203.5,0.0,959.2,800.0,90.0,32.53292506,1.11,0.66,0.1
359.0,19.0,141.0,154.0,10.91,942.0,801.0,3.0,23.639177145812,0.43,0.3,0.21
500.0,0.0,0.0,200.0,0.0,1125.0,613.0,270.0,55.15808,0.4,0.4,0.29
446.0,24.0,79.0,162.0,11.64,967.0,712.0,56.0,55.25460664,0.36,0.3,0.27
213.5,0.0,174.24,159.21,11.66,1043.6,771.9,100.0,52.95865156,0.75,0.41,0.12
380.0,0.0,0.0,228.0,0.0,932.0,670.0,365.0,52.516697444,0.6,0.6,0.24
393.0,0.0,0.0,192.0,0.0,940.6,785.6,90.0,48.846616696,0.49,0.49,0.23
339.0,0.0,0.0,197.0,0.0,968.0,781.0,3.0,13.22414968,0.58,0.58,0.19
261.0,100.0,78.0,201.0,9.0,864.0,761.0,28.0,32.39847724,0.77,0.46,0.16
349.0,0.0,0.0,192.0,0.0,1047.0,806.0,360.0,42.1269836,0.55,0.55,0.19
214.9,53.8,121.89,155.63,9.61,1014.3,780.58,28.0,52.20022796,0.72,0.4,0.12
305.3,203.5,0.0,203.5,0.0,965.4,631.0,28.0,43.377003588,0.67,0.4,0.19
451.0,0.0,0.0,165.0,11.25,1030.0,745.0,28.0,78.80021204,0.37,0.37,0.25
250.0,0.0,95.69,191.84,5.33,948.9,857.2,56.0,39.64487,0.77,0.55,0.14
212.0,0.0,124.78,159.0,7.84,1085.4,799.54,3.0,19.51906556,0.75,0.47,0.11
277.0,0.0,0.0,191.0,0.0,968.0,856.0,3.0,11.36256448,0.69,0.69,0.15
238.0,0.0,0.0,185.0,0.0,1118.0,789.0,28.0,17.54026944,0.78,0.78,0.12
251.37,0.0,118.27,192.94,5.75,1043.6,754.3,28.0,33.27411176,0.77,0.52,0.14
200.0,200.0,0.0,190.0,0.0,1145.0,660.0,28.0,49.24927068,0.95,0.48,0.11
379.5,151.2,0.0,153.9,15.9,1134.3,605.0,91.0,56.49566344,0.41,0.29,0.22
380.0,95.0,0.0,228.0,0.0,932.0,594.0,90.0,40.563252032,0.6,0.48,0.25
295.8,0.0,0.0,185.7,0.0,1091.4,769.3,28.0,25.216895224,0.63,0.63,0.16
102.0,153.0,0.0,192.0,0.0,887.0,942.0,3.0,4.565020596,1.88,0.75,0.06
266.0,114.0,0.0,228.0,0.0,932.0,670.0,270.0,51.732763232,0.86,0.6,0.17
231.75,0.0,121.62,173.96,6.72,1056.4,778.45,56.0,42.69924868,0.75,0.49,0.13
252.1,97.1,75.6,193.8,8.3,835.5,821.4,28.0,33.399596392,0.77,0.46,0.15
251.37,0.0,118.27,188.45,5.75,1028.4,757.73,100.0,43.58177796,0.75,0.51,0.14
145.7,172.6,0.0,181.9,3.4,985.8,816.8,28.0,23.744174488,1.25,0.57,0.08
214.9,53.8,121.89,155.63,9.61,1014.3,780.58,100.0,56.63355864,0.72,0.4,0.12
200.0,133.0,0.0,192.0,0.0,965.4,806.2,90.0,43.25082948,0.96,0.58,0.11
108.3,162.4,0.0,203.5,0.0,938.2,849.0,28.0,20.593958644,1.88,0.75,0.06
261.9,110.5,86.1,195.4,5.0,895.2,732.6,28.0,33.71882378,0.75,0.43,0.16
333.0,0.0,0.0,192.0,0.0,931.2,842.6,7.0,23.404952296,0.58,0.58,0.19
133.0,200.0,0.0,192.0,0.0,927.4,839.2,3.0,6.883728384,1.44,0.58,0.08
540.0,0.0,0.0,173.0,0.0,1125.0,613.0,90.0,69.65776028,0.32,0.32,0.31
194.68,0.0,100.52,170.17,7.48,998.0,901.8,56.0,43.38872468,0.87,0.58,0.1
334.0,17.6,158.0,189.0,15.3,967.0,633.0,28.0,44.32641204,0.57,0.37,0.21
143.7,170.2,132.6,191.6,8.5,814.1,805.3,28.0,29.870858224,1.33,0.43,0.09
385.0,0.0,0.0,186.0,0.0,966.0,763.0,28.0,31.35047372,0.48,0.48,0.22
376.0,0.0,0.0,214.6,0.0,1003.5,762.36,14.0,25.62092816,0.57,0.57,0.21
167.0,75.4,167.0,164.03,7.91,1007.3,770.1,3.0,15.52010476,0.98,0.4,0.09
375.0,93.8,0.0,126.6,23.4,852.1,992.6,3.0,28.99936056,0.34,0.27,0.2
297.8,137.2,106.9,201.3,6.0,878.4,655.3,28.0,53.524711356,0.68,0.37,0.19
491.0,26.0,123.0,201.0,3.93,822.0,699.0,28.0,57.915984,0.41,0.31,0.32
160.0,188.0,146.0,203.0,11.0,829.0,710.0,28.0,32.83974188,1.27,0.41,0.1
362.6,189.0,0.0,164.9,11.6,944.7,755.8,7.0,22.89749796,0.45,0.3,0.21
194.68,0.0,100.52,170.17,7.48,998.0,901.8,3.0,12.17614616,0.87,0.58,0.1
439.0,177.0,0.0,186.0,11.1,884.9,707.9,3.0,39.300132,0.42,0.3,0.28
272.8,105.1,81.8,209.7,9.0,904.0,679.7,28.0,37.171030112,0.77,0.46,0.17
183.9,122.6,0.0,203.5,0.0,959.2,800.0,7.0,10.787541496,1.11,0.66,0.1
200.0,133.0,0.0,192.0,0.0,965.4,806.2,28.0,30.439675924,0.96,0.58,0.11
198.6,132.4,0.0,192.0,0.0,978.4,825.5,28.0,28.021683592,0.97,0.58,0.11
516.0,0.0,0.0,162.0,8.26,801.0,802.0,28.0,41.36856,0.31,0.31,0.32
155.0,183.0,0.0,193.0,9.0,1047.0,697.0,28.0,18.28490352,1.25,0.57,0.09
135.0,0.0,166.0,180.0,10.0,961.0,805.0,28.0,13.29309728,1.33,0.6,0.08
237.5,237.5,0.0,228.0,0.0,932.0,594.0,365.0,38.995383608,0.96,0.48,0.16
475.0,118.8,0.0,181.1,8.9,852.1,781.5,91.0,74.19451236,0.38,0.3,0.29
213.5,0.0,174.24,159.21,11.66,1043.6,771.9,3.0,15.60973664,0.75,0.41,0.12
339.2,0.0,0.0,185.7,0.0,1069.2,754.3,7.0,21.179323768,0.55,0.55,0.19
156.0,178.0,187.0,221.0,7.0,854.0,614.0,28.0,29.41304616,1.42,0.42,0.11
173.81,93.37,159.9,172.34,9.73,1007.2,746.6,14.0,29.55094136,0.99,0.4,0.1
289.0,0.0,0.0,192.0,0.0,913.2,895.3,7.0,14.596896396,0.66,0.66,0.16
321.3,164.2,0.0,190.5,4.6,870.0,774.0,28.0,57.218234288,0.59,0.39,0.2
296.0,0.0,0.0,192.0,0.0,1085.0,765.0,28.0,21.6495464,0.65,0.65,0.16
250.2,166.8,0.0,203.5,0.0,977.6,694.1,3.0,9.731264264,0.81,0.49,0.15
212.52,0.0,100.37,159.32,8.71,1007.8,903.59,56.0,42.54756396,0.75,0.51,0.11
275.07,0.0,121.35,159.48,9.9,1053.6,777.5,14.0,38.76923548,0.58,0.4,0.15
380.0,0.0,0.0,228.0,0.0,932.0,670.0,90.0,52.908319812,0.6,0.6,0.24
310.0,0.0,0.0,192.0,0.0,1012.0,830.0,3.0,11.85209244,0.62,0.62,0.17
252.31,0.0,98.75,146.25,14.17,987.76,889.01,3.0,21.78054684,0.58,0.42,0.13
265.0,111.0,86.0,195.0,6.0,833.0,790.0,28.0,41.540929,0.74,0.42,0.16
166.09,0.0,163.27,176.46,4.49,1058.6,780.09,56.0,28.62704352,1.06,0.54,0.09
469.0,117.2,0.0,137.8,32.2,852.1,840.5,7.0,54.89607912,0.29,0.24,0.28
284.0,15.0,141.0,179.0,5.46,842.0,801.0,7.0,24.13166,0.63,0.41,0.17
139.6,209.4,0.0,192.0,0.0,1047.0,806.9,3.0,8.06342182,1.38,0.55,0.08
277.19,97.82,24.46,160.7,11.19,1061.7,782.46,28.0,63.14221208,0.58,0.4,0.15
385.0,0.0,0.0,186.0,0.0,966.0,763.0,3.0,14.69962832,0.48,0.48,0.22
145.4,0.0,178.9,201.7,7.8,824.0,868.7,28.0,10.535882756,1.39,0.62,0.09
393.0,0.0,0.0,192.0,0.0,940.0,758.0,3.0,19.10537996,0.49,0.49,0.23
297.16,0.0,117.54,174.8,9.52,1022.8,753.45,14.0,36.9903874,0.59,0.42,0.17
251.37,0.0,118.27,192.94,5.75,1043.6,754.3,14.0,20.72564856,0.77,0.52,0.14
225.0,0.0,0.0,181.0,0.0,1113.0,833.0,28.0,17.3403214,0.8,0.8,0.12
326.5,0.0,137.9,199.0,10.8,801.1,792.5,28.0,38.630650804,0.61,0.43,0.2
190.68,0.0,125.4,162.14,7.77,1090.0,804.01,100.0,40.56876784,0.85,0.51,0.1
310.0,0.0,0.0,192.0,0.0,1012.0,830.0,28.0,27.82725136,0.62,0.62,0.17
374.0,189.2,0.0,170.1,10.1,926.1,756.7,7.0,46.20178676,0.45,0.3,0.22
397.0,0.0,0.0,186.0,0.0,1040.0,734.0,28.0,36.93522932,0.47,0.47,0.22
190.0,190.0,0.0,228.0,0.0,932.0,670.0,28.0,40.856968808,1.2,0.6,0.12
153.0,102.0,0.0,192.0,0.0,888.0,943.1,7.0,8.374375496,1.25,0.75,0.08
181.38,0.0,167.01,169.59,7.56,1055.6,777.8,3.0,13.62404576,0.93,0.49,0.1
155.0,184.0,143.0,194.0,9.0,880.0,699.0,28.0,28.98557104,1.25,0.4,0.1
178.03,129.8,118.6,179.94,3.57,1007.3,746.8,28.0,39.1622368,1.01,0.42,0.1
323.7,282.8,0.0,183.8,10.3,942.7,659.9,56.0,80.19984832,0.57,0.3,0.2
475.0,118.8,0.0,181.1,8.9,852.1,781.5,3.0,37.79707432,0.38,0.3,0.29
304.0,140.0,0.0,214.0,6.0,895.0,722.0,28.0,33.41890172,0.7,0.48,0.19
290.2,193.5,0.0,185.7,0.0,998.2,704.3,7.0,21.859147104,0.64,0.38,0.17
165.0,128.5,132.1,175.06,8.08,1005.8,746.6,56.0,53.72396992,1.06,0.41,0.09
222.36,0.0,96.67,189.29,4.46,967.08,870.32,100.0,40.7135578,0.85,0.59,0.12
231.75,0.0,121.62,173.96,6.72,1056.4,778.45,28.0,33.72916592,0.75,0.49,0.13
213.76,98.06,24.52,181.74,6.65,1066.0,785.52,28.0,40.2309246,0.85,0.54,0.12
387.0,20.0,94.0,157.0,11.61,938.0,845.0,28.0,46.68441996,0.41,0.31,0.22
239.6,359.4,0.0,185.7,0.0,941.6,664.3,28.0,39.435269296,0.78,0.31,0.15
313.3,262.2,0.0,175.5,8.6,1046.9,611.8,28.0,59.79825348,0.56,0.3,0.19
144.0,15.0,195.0,176.0,6.0,1021.0,709.0,28.0,15.340841,1.22,0.5,0.08
424.0,22.0,132.0,168.0,8.92,822.0,750.0,3.0,32.1098822847293,0.4,0.29,0.27
145.9,230.5,0.0,202.5,3.4,827.0,871.8,28.0,32.720462532,1.39,0.54,0.09
288.0,192.0,0.0,192.0,0.0,932.0,717.8,28.0,38.804398756,0.67,0.4,0.17
374.0,189.2,0.0,170.1,10.1,926.1,756.7,28.0,61.09446836,0.45,0.3,0.22
446.0,24.0,79.0,162.0,11.64,967.0,712.0,28.0,51.021224,0.36,0.3,0.27
155.6,243.5,0.0,180.3,10.7,1022.0,697.7,28.0,37.363393916,1.16,0.45,0.09
198.6,132.4,0.0,192.0,0.0,978.4,825.5,3.0,9.131420144,0.97,0.58,0.11
339.0,0.0,0.0,197.0,0.0,968.0,781.0,180.0,36.44570136,0.58,0.58,0.19
289.0,133.7,0.0,194.9,5.5,924.1,760.1,28.0,46.247292176,0.67,0.46,0.17
401.8,94.7,0.0,147.4,11.4,946.8,852.1,7.0,54.09628696,0.37,0.3,0.22
300.0,0.0,0.0,184.0,0.0,1075.0,795.0,7.0,15.57526284,0.61,0.61,0.16
218.85,0.0,124.13,158.49,11.33,1078.7,794.91,3.0,15.340841,0.72,0.46,0.12
212.0,0.0,124.78,159.0,7.84,1085.4,799.54,100.0,47.8151606,0.75,0.47,0.11
349.0,0.0,0.0,192.0,0.0,1047.0,806.9,3.0,15.049192652,0.55,0.55,0.19
213.5,0.0,174.24,154.61,11.66,1052.3,775.48,3.0,17.36790044,0.72,0.4,0.12
194.68,0.0,100.52,165.62,7.48,1006.4,905.9,14.0,24.98661024,0.85,0.56,0.1
531.3,0.0,0.0,141.8,28.2,852.1,893.7,7.0,46.89815752,0.27,0.27,0.3
152.7,144.7,0.0,178.1,8.0,999.7,822.2,28.0,19.009542796,1.17,0.6,0.08
266.0,112.0,87.0,178.0,10.0,910.0,745.0,28.0,39.41734292,0.67,0.38,0.16
349.0,0.0,0.0,192.0,0.0,1047.0,806.0,28.0,32.72253096,0.55,0.55,0.19
151.0,0.0,184.0,167.0,12.0,991.0,772.0,28.0,15.56836808,1.11,0.5,0.09
212.57,0.0,100.39,159.35,10.37,1003.8,903.79,100.0,47.73931824,0.75,0.51,0.11
133.1,210.2,0.0,195.7,3.1,949.4,795.3,28.0,28.937997196,1.47,0.57,0.08
194.68,0.0,100.52,170.17,7.48,998.0,901.8,28.0,37.2661778,0.87,0.58,0.1
382.0,0.0,0.0,186.0,0.0,1047.0,739.0,28.0,37.42475728,0.49,0.49,0.21
277.05,0.0,97.39,160.6,11.83,973.9,875.61,3.0,23.13881456,0.58,0.43,0.15
297.16,0.0,117.54,174.8,9.52,1022.8,753.45,28.0,47.401475,0.59,0.42,0.17
157.0,236.0,0.0,192.0,0.0,935.4,781.2,7.0,16.889404096,1.22,0.49,0.09
295.71,0.0,95.64,171.54,8.87,955.14,859.2,100.0,52.04164848,0.58,0.44,0.16
388.6,97.1,0.0,157.9,12.1,852.1,925.7,28.0,50.69717028,0.41,0.33,0.22
313.0,161.0,0.0,178.0,10.0,917.0,759.0,28.0,52.44154456,0.57,0.38,0.19
236.9,91.7,71.5,246.9,6.0,852.9,695.4,28.0,28.629801424,1.04,0.62,0.15
332.5,142.5,0.0,228.0,0.0,932.0,594.0,180.0,39.77931782,0.69,0.48,0.22
213.5,0.0,174.24,154.61,11.66,1052.3,775.48,100.0,59.30183076,0.72,0.4,0.12
425.0,106.3,0.0,151.4,18.6,936.0,803.7,56.0,64.90037588,0.36,0.28,0.24
251.37,0.0,118.27,192.94,5.75,1043.6,754.3,100.0,40.14818748,0.77,0.52,0.14
102.0,153.0,0.0,192.0,0.0,887.0,942.0,90.0,25.460969728,1.88,0.75,0.06
234.0,156.0,0.0,189.0,5.85,981.0,760.0,28.0,39.300132,0.81,0.48,0.13
141.3,212.0,0.0,203.5,0.0,971.8,748.5,3.0,4.827710952,1.44,0.58,0.08
249.1,0.0,98.75,158.11,12.8,987.76,889.01,14.0,28.6822016,0.63,0.45,0.13
475.0,0.0,0.0,228.0,0.0,932.0,594.0,180.0,42.620648416,0.48,0.48,0.31
164.6,0.0,150.4,181.6,11.7,1023.3,728.9,28.0,18.033934256,1.1,0.58,0.09
150.0,237.0,0.0,174.0,12.0,1069.0,675.0,28.0,37.43165204,1.16,0.45,0.09
136.0,162.0,126.0,172.0,10.0,923.0,764.0,28.0,29.06830816,1.26,0.41,0.08
165.0,128.5,132.1,175.06,8.08,1005.8,746.6,3.0,19.41564416,1.06,0.41,0.09
480.0,0.0,0.0,192.0,0.0,936.2,712.2,28.0,43.942373908,0.4,0.4,0.29
192.0,288.0,0.0,192.0,0.0,929.8,716.1,7.0,21.48062478,1.0,0.4,0.12
475.0,0.0,0.0,228.0,0.0,932.0,594.0,90.0,42.229026048,0.48,0.48,0.31
238.05,0.0,94.11,186.66,7.0,949.91,847.01,14.0,25.68987576,0.78,0.56,0.13
153.1,145.0,113.0,178.5,8.0,1001.9,688.7,28.0,25.559564796,1.17,0.43,0.09
385.0,0.0,0.0,186.0,0.0,966.0,763.0,7.0,23.22155168,0.48,0.48,0.22
155.2,183.9,143.2,193.8,9.2,879.6,698.5,28.0,28.991086848,1.25,0.4,0.1
379.5,151.2,0.0,153.9,15.9,1134.3,605.0,56.0,54.89607912,0.41,0.29,0.22
375.0,0.0,0.0,186.0,0.0,1038.0,758.0,28.0,38.21075992,0.5,0.5,0.21
157.0,236.0,0.0,192.0,0.0,935.4,781.2,28.0,33.664355176,1.22,0.49,0.09
181.38,0.0,167.01,169.59,7.56,1055.6,777.8,56.0,35.57006684,0.93,0.49,0.1
307.0,0.0,0.0,193.0,0.0,968.0,812.0,90.0,32.922479,0.63,0.63,0.17
133.0,200.0,0.0,192.0,0.0,927.4,839.2,7.0,13.664035368,1.44,0.58,0.08
153.0,102.0,0.0,192.0,0.0,888.0,943.1,28.0,17.96429718,1.25,0.75,0.08
381.4,0.0,0.0,185.7,0.0,1104.6,784.3,28.0,22.489328168,0.49,0.49,0.2
165.0,0.0,150.0,182.0,12.0,1023.0,729.0,28.0,18.0297974,1.1,0.58,0.09
342.0,38.0,0.0,228.0,0.0,932.0,670.0,365.0,56.141962252,0.67,0.6,0.21
318.8,212.5,0.0,155.7,14.3,852.1,880.4,28.0,55.49592324,0.49,0.29,0.18
249.1,0.0,98.75,158.11,12.8,987.76,889.01,56.0,42.03045696,0.63,0.45,0.13
212.52,0.0,100.37,159.32,8.71,1007.8,903.59,14.0,26.31040416,0.75,0.51,0.11
540.0,0.0,0.0,173.0,0.0,1125.0,613.0,14.0,59.76377968,0.32,0.32,0.31
233.81,0.0,94.58,197.89,4.567,947.04,852.16,14.0,22.13907436,0.85,0.6,0.13
337.9,189.0,0.0,174.9,9.5,944.7,755.8,7.0,35.10122316,0.52,0.33,0.2
116.0,173.0,0.0,192.0,0.0,909.8,891.9,3.0,6.280436884,1.66,0.66,0.06
236.0,0.0,0.0,194.0,0.0,968.0,885.0,14.0,12.83804312,0.82,0.82,0.13
439.0,177.0,0.0,186.0,11.1,884.9,707.9,91.0,73.29819356,0.42,0.3,0.28
290.35,0.0,96.18,168.08,9.41,961.18,865.0,28.0,34.73580088,0.58,0.43,0.16
160.0,250.0,0.0,168.0,12.0,1049.0,688.0,28.0,39.45181672,1.05,0.41,0.09
522.0,0.0,0.0,146.0,0.0,896.0,896.0,7.0,50.51101176,0.28,0.28,0.29
296.0,0.0,0.0,192.0,0.0,1085.0,765.0,90.0,29.39236188,0.65,0.65,0.16
350.0,0.0,0.0,203.0,0.0,974.0,775.0,28.0,27.3377234,0.58,0.58,0.2
202.0,11.0,141.0,206.0,1.72,942.0,801.0,7.0,15.0699754305414,1.02,0.58,0.12
218.85,0.0,124.13,158.49,11.33,1078.7,794.91,56.0,37.2661778,0.72,0.46,0.12
427.5,47.5,0.0,228.0,0.0,932.0,594.0,7.0,35.076402024,0.53,0.48,0.28
446.0,24.0,79.0,162.0,11.64,967.0,712.0,3.0,25.02108404,0.36,0.3,0.27
156.0,243.0,0.0,180.0,11.0,1022.0,698.0,28.0,37.36270444,1.15,0.45,0.09
531.3,0.0,0.0,141.8,28.2,852.1,893.7,91.0,59.19840936,0.27,0.27,0.3
139.6,209.4,0.0,192.0,0.0,1047.0,806.9,90.0,39.358047984,1.38,0.55,0.08
424.0,22.0,132.0,178.0,8.48,822.0,750.0,56.0,65.697213145812,0.42,0.31,0.27
237.5,237.5,0.0,228.0,0.0,932.0,594.0,7.0,26.258003984,0.96,0.48,0.16
233.81,0.0,94.58,197.89,4.567,947.04,852.16,28.0,22.83544512,0.85,0.6,0.13
259.9,100.6,78.4,170.6,10.4,935.7,762.9,28.0,49.77327244,0.66,0.39,0.15
202.0,11.0,141.0,206.0,1.72,942.0,801.0,28.0,21.96670536,1.02,0.58,0.12
252.0,0.0,0.0,185.0,0.0,1111.0,784.0,7.0,13.71367764,0.73,0.73,0.13
331.0,0.0,0.0,192.0,0.0,879.0,825.0,3.0,13.52062436,0.58,0.58,0.19
446.0,24.0,79.0,162.0,11.64,967.0,712.0,7.0,39.300132,0.36,0.3,0.27
251.37,0.0,118.27,188.45,6.35,1028.4,757.73,100.0,44.20920112,0.75,0.51,0.14
322.0,0.0,0.0,203.0,0.0,974.0,800.0,14.0,20.77391188,0.63,0.63,0.18
500.0,0.0,0.0,200.0,0.0,1125.0,613.0,14.0,36.93522932,0.4,0.4,0.29
167.95,42.08,163.83,121.75,5.72,1058.7,780.11,14.0,17.8229546,0.72,0.33,0.09
380.0,95.0,0.0,228.0,0.0,932.0,594.0,270.0,41.15137506,0.6,0.48,0.25
273.0,0.0,90.0,199.0,11.0,931.0,762.0,28.0,32.23989776,0.73,0.55,0.16
173.54,50.05,173.53,164.77,6.47,1006.2,793.5,28.0,38.20386516,0.95,0.41,0.1
214.9,53.8,121.89,155.63,9.61,1014.3,780.58,3.0,18.01600788,0.72,0.4,0.12
213.72,98.05,24.51,181.71,6.86,1065.8,785.38,3.0,17.9953236,0.85,0.54,0.12
332.5,142.5,0.0,228.0,0.0,932.0,594.0,90.0,37.721921436,0.69,0.48,0.22
288.0,192.0,0.0,192.0,0.0,932.0,717.8,3.0,16.10960674,0.67,0.4,0.17
376.0,0.0,0.0,214.6,0.0,1003.5,762.36,3.0,16.27852836,0.57,0.57,0.21
194.68,0.0,100.52,170.17,7.48,998.0,901.8,100.0,44.27814872,0.87,0.58,0.1
236.0,157.0,0.0,192.0,0.0,972.6,749.1,90.0,47.782065752,0.81,0.49,0.14
266.2,112.3,87.5,177.9,10.4,909.7,744.5,28.0,39.421479776,0.67,0.38,0.16
150.0,236.8,0.0,173.8,11.9,1069.3,674.8,28.0,37.43165204,1.16,0.45,0.09
162.0,190.0,148.0,179.0,19.0,838.0,741.0,28.0,33.75674496,1.1,0.36,0.1
194.68,0.0,100.52,165.62,7.48,1006.4,905.9,3.0,12.45193656,0.85,0.56,0.1
148.1,0.0,182.1,181.4,15.0,838.9,884.3,28.0,15.526310044,1.22,0.55,0.09
154.8,0.0,142.8,193.3,9.1,877.2,867.7,28.0,9.738159024,1.25,0.65,0.09
491.0,26.0,123.0,210.0,3.93,882.0,699.0,56.0,59.5904257152707,0.43,0.33,0.31
299.8,0.0,119.8,211.5,9.9,878.2,727.6,28.0,23.835874796,0.71,0.5,0.19
203.5,135.7,0.0,185.7,0.0,1076.2,759.3,28.0,22.629981272,0.91,0.55,0.11
102.0,153.0,0.0,192.0,0.0,887.0,942.0,28.0,17.275510656,1.88,0.75,0.06
325.6,166.4,0.0,174.0,8.9,881.6,790.0,28.0,61.23581094,0.53,0.35,0.19
374.0,189.2,0.0,170.1,10.1,926.1,756.7,91.0,64.90037588,0.45,0.3,0.22
122.6,183.9,0.0,203.5,0.0,958.2,800.1,3.0,3.31982694,1.66,0.66,0.07
339.0,0.0,0.0,185.0,0.0,1060.0,754.0,28.0,31.6469484,0.55,0.55,0.19
312.7,144.7,0.0,127.3,8.0,999.7,822.2,28.0,44.523602176,0.41,0.28,0.17
540.0,0.0,0.0,173.0,0.0,1125.0,613.0,3.0,41.63745564,0.32,0.32,0.31
264.5,111.0,86.5,195.5,5.9,832.6,790.4,28.0,41.542307952,0.74,0.42,0.16
167.95,42.08,163.83,121.75,5.72,1058.7,780.11,28.0,24.24197616,0.72,0.33,0.09
331.0,0.0,0.0,192.0,0.0,978.0,825.0,28.0,31.44700036,0.58,0.58,0.18
178.03,129.8,118.6,179.94,3.57,1007.3,746.8,14.0,34.23937816,1.01,0.42,0.1
165.0,0.02,143.57,163.81,0.0,1005.6,900.9,14.0,16.87837248,0.99,0.53,0.09
166.0,259.7,0.0,183.2,12.7,858.8,826.8,28.0,37.917043144,1.1,0.43,0.1
381.4,0.0,0.0,185.7,0.0,1104.6,784.3,7.0,14.54104884,0.49,0.49,0.2
158.0,0.0,195.0,220.0,11.0,898.0,713.0,28.0,8.53571288,1.39,0.62,0.1
173.0,116.0,0.0,192.0,0.0,946.8,856.8,3.0,6.940954892,1.11,0.66,0.1
425.0,106.3,0.0,151.4,18.6,936.0,803.7,28.0,61.79773388,0.36,0.28,0.24
304.0,76.0,0.0,228.0,0.0,932.0,670.0,90.0,49.185149412,0.75,0.6,0.19
401.8,94.7,0.0,147.4,11.4,946.8,852.1,56.0,73.69808964,0.37,0.3,0.22
356.0,119.0,0.0,160.0,9.03,1061.0,657.0,28.0,58.99846132,0.45,0.34,0.21
212.07,0.0,121.62,180.31,5.69,1057.6,779.32,56.0,34.20490436,0.85,0.54,0.12
305.3,203.5,0.0,203.5,0.0,965.4,631.0,7.0,25.893960656,0.67,0.4,0.19
144.8,0.0,133.6,180.8,11.1,979.5,811.5,28.0,13.202086448,1.25,0.65,0.08
149.5,236.0,0.0,175.8,12.6,846.8,892.7,28.0,32.96384756,1.18,0.46,0.09
266.0,114.0,0.0,228.0,0.0,932.0,670.0,28.0,45.854290856,0.86,0.6,0.17
313.0,0.0,0.0,178.0,8.0,1000.0,822.0,28.0,25.0969264,0.57,0.57,0.17
237.5,237.5,0.0,228.0,0.0,932.0,594.0,28.0,30.079769452,0.96,0.48,0.16
173.81,93.37,159.9,172.34,9.73,1007.2,746.6,56.0,48.9872698,0.99,0.4,0.1
183.9,122.6,0.0,203.5,0.0,959.2,800.0,3.0,4.903553312,1.11,0.66,0.1
250.0,0.0,95.69,187.42,5.53,956.86,861.17,100.0,42.34761592,0.75,0.54,0.14
290.35,0.0,96.18,168.08,9.41,961.18,865.0,100.0,48.97348028,0.58,0.43,0.16
298.0,0.0,107.0,186.0,6.0,879.0,815.0,28.0,42.63719584,0.62,0.46,0.18
228.0,342.1,0.0,185.7,0.0,955.8,674.3,28.0,39.699338604,0.81,0.33,0.14
307.0,0.0,0.0,193.0,0.0,968.0,812.0,3.0,12.54156844,0.63,0.63,0.17
310.0,0.0,0.0,192.0,0.0,970.0,850.0,7.0,14.98920824,0.62,0.62,0.17
322.0,0.0,0.0,203.0,0.0,974.0,800.0,28.0,25.17966352,0.63,0.63,0.18
310.0,142.8,0.0,167.9,10.0,914.3,804.0,28.0,45.304778484,0.54,0.37,0.18
212.57,0.0,100.39,159.35,10.37,1003.8,903.79,56.0,44.39535964,0.75,0.51,0.11
236.0,0.0,0.0,193.0,0.0,968.0,885.0,365.0,25.08313688,0.82,0.82,0.13
168.88,42.22,124.25,158.33,10.83,1080.8,796.15,56.0,39.14844728,0.94,0.47,0.09
190.34,0.0,125.18,166.61,9.88,1079.0,798.9,3.0,12.5484632,0.88,0.53,0.1
318.8,212.5,0.0,155.7,14.3,852.1,880.4,56.0,66.10006412,0.49,0.29,0.18
336.0,0.0,0.0,182.0,3.0,986.0,817.0,28.0,44.86420332,0.54,0.54,0.19
295.0,0.0,0.0,185.0,0.0,1069.0,769.0,7.0,14.79615496,0.63,0.63,0.16
400.0,0.0,0.0,187.0,0.0,1025.0,745.0,7.0,30.14389072,0.47,0.47,0.23
317.9,0.0,126.5,209.7,5.7,860.5,736.6,28.0,40.06200298,0.66,0.47,0.2
393.0,0.0,0.0,192.0,0.0,940.6,785.6,7.0,27.742445812,0.49,0.49,0.23
144.0,170.0,133.0,192.0,8.0,814.0,805.0,28.0,29.86810032,1.33,0.43,0.09
387.0,20.0,94.0,157.0,14.32,938.0,845.0,3.0,22.752708,0.41,0.31,0.22
250.2,166.8,0.0,203.5,0.0,977.6,694.1,28.0,36.964187312,0.81,0.49,0.15
388.6,97.1,0.0,157.9,12.1,852.1,925.7,56.0,55.19944856,0.41,0.33,0.22
302.0,0.0,0.0,203.0,0.0,974.0,817.0,28.0,21.7529678,0.67,0.67,0.17
213.74,0.0,174.74,154.79,10.16,1053.5,776.35,14.0,33.72916592,0.72,0.4,0.12
321.0,164.0,0.0,190.0,5.0,870.0,774.0,28.0,57.21271848,0.59,0.39,0.2
279.8,128.9,100.4,172.4,9.5,825.1,804.9,28.0,52.826961644,0.62,0.34,0.17
108.3,162.4,0.0,203.5,0.0,938.2,849.0,90.0,29.231713972,1.88,0.75,0.06
349.0,0.0,0.0,192.0,0.0,1047.0,806.0,3.0,14.98920824,0.55,0.55,0.19
213.74,0.0,174.74,154.79,10.16,1053.5,776.35,100.0,50.07664188,0.72,0.4,0.12
173.54,50.05,173.53,164.77,6.47,1006.2,793.5,100.0,56.06129356,0.95,0.41,0.1
252.31,0.0,98.75,146.25,14.17,987.76,889.01,14.0,42.29245784,0.58,0.42,0.13
222.36,0.0,96.67,189.29,4.46,967.08,870.32,28.0,24.8900836,0.85,0.59,0.12
143.8,136.3,106.2,178.1,7.5,941.5,774.3,28.0,26.147687824,1.24,0.46,0.08
236.0,0.0,0.0,194.0,0.0,968.0,885.0,90.0,21.94602108,0.82,0.82,0.13
375.0,93.8,0.0,126.6,23.4,852.1,992.6,56.0,60.19814956,0.34,0.27,0.2
540.0,0.0,0.0,173.0,0.0,1125.0,613.0,7.0,52.61391356,0.32,0.32,0.31
194.68,0.0,100.52,165.62,7.48,1006.4,905.9,56.0,33.96358776,0.85,0.56,0.1
236.0,0.0,0.0,193.0,0.0,968.0,885.0,180.0,24.10408096,0.82,0.82,0.13
251.37,0.0,118.27,188.45,6.35,1028.4,757.73,3.0,13.12072828,0.75,0.51,0.14
182.04,45.21,121.97,170.21,8.19,1059.4,780.65,100.0,48.67011084,0.94,0.49,0.1
153.1,145.0,113.0,178.5,8.0,867.2,824.0,28.0,26.233182848,1.17,0.43,0.09
250.0,180.0,95.0,159.0,9.45,860.0,800.0,28.0,67.86512268,0.64,0.3,0.15
469.0,117.2,0.0,137.8,32.2,852.1,840.5,28.0,66.89985628,0.29,0.24,0.28
337.9,189.0,0.0,174.9,9.5,944.7,755.8,91.0,67.79617508,0.52,0.33,0.2
190.68,0.0,125.4,162.14,7.77,1090.0,804.01,56.0,35.34253976,0.85,0.51,0.1
167.0,75.4,167.0,164.03,7.91,1007.3,770.1,28.0,41.40992856,0.98,0.4,0.09
144.0,0.0,175.0,158.0,18.0,943.0,844.0,28.0,15.41668336,1.1,0.5,0.08
238.05,0.0,94.11,186.66,7.0,949.91,847.01,28.0,30.2335226,0.78,0.56,0.13
250.0,0.0,95.69,191.84,5.33,948.9,857.2,3.0,8.48744956,0.77,0.55,0.14
148.0,0.0,137.0,158.0,16.0,1002.0,830.0,28.0,17.95395504,1.07,0.55,0.08
237.0,92.0,71.0,247.0,6.0,853.0,695.0,28.0,28.62704352,1.04,0.62,0.15
148.5,139.4,108.6,192.7,6.1,892.4,780.0,28.0,23.696600644,1.3,0.49,0.09
296.0,0.0,107.0,221.0,11.0,819.0,778.0,28.0,31.41942132,0.75,0.55,0.19
160.2,188.0,146.4,203.2,11.3,828.7,709.7,28.0,35.314271244,1.27,0.41,0.1
375.0,0.0,0.0,186.0,0.0,1038.0,758.0,7.0,26.0621928,0.5,0.5,0.21
285.0,190.0,0.0,163.0,7.6,1031.0,685.0,28.0,53.57917996,0.57,0.34,0.17
143.0,169.0,143.0,191.0,8.0,967.0,643.0,28.0,29.72331036,1.34,0.42,0.09
152.0,0.0,112.0,184.0,8.0,992.0,816.0,28.0,12.17614616,1.21,0.7,0.08
349.0,0.0,0.0,192.0,0.0,1056.0,809.0,120.0,40.85834776,0.55,0.55,0.19
166.09,0.0,163.27,176.46,4.49,1058.6,780.09,3.0,10.76272036,1.06,0.54,0.09
250.0,0.0,0.0,182.0,0.0,1100.0,820.0,7.0,12.73462172,0.73,0.73,0.13
540.0,0.0,0.0,162.0,2.5,1055.0,676.0,28.0,61.88736576,0.3,0.3,0.31
322.0,149.0,0.0,186.0,8.0,951.0,709.0,28.0,52.42086028,0.58,0.39,0.19
148.0,175.0,0.0,171.0,2.0,1000.0,828.0,28.0,26.91714304,1.16,0.53,0.08
307.0,0.0,0.0,193.0,0.0,968.0,812.0,28.0,27.53077668,0.63,0.63,0.17
149.0,117.6,91.7,182.9,7.1,953.4,780.3,28.0,23.524231644,1.23,0.51,0.09
276.0,116.0,90.0,180.0,9.0,870.0,768.0,28.0,44.27814872,0.65,0.37,0.17
528.0,0.0,0.0,185.0,6.86,920.0,720.0,28.0,56.83350668,0.35,0.35,0.32
382.0,0.0,0.0,185.0,0.0,1047.0,739.0,7.0,24.00065956,0.48,0.48,0.21
424.0,22.0,132.0,168.0,8.92,822.0,750.0,28.0,72.09850532,0.4,0.29,0.27
212.0,0.0,124.78,159.0,7.84,1085.4,799.54,56.0,45.08483564,0.75,0.47,0.11
154.0,174.0,185.0,228.0,7.0,845.0,612.0,28.0,24.3385028,1.48,0.44,0.11
250.0,0.0,95.69,191.84,5.33,948.9,857.2,28.0,27.22051248,0.77,0.55,0.14
387.0,20.0,94.0,157.0,11.61,938.0,845.0,56.0,61.45989064,0.41,0.31,0.22
273.0,105.0,82.0,210.0,9.0,904.0,680.0,28.0,37.16965116,0.77,0.46,0.17
439.0,177.0,0.0,186.0,11.1,884.9,707.9,7.0,56.09576736,0.42,0.3,0.28
212.0,141.3,0.0,203.5,0.0,973.4,750.0,3.0,6.8085755,0.96,0.58,0.12
213.72,98.05,24.51,181.71,6.86,1065.8,785.38,56.0,50.77301264,0.85,0.54,0.12
146.5,114.6,89.3,201.9,8.8,860.0,829.5,28.0,19.98790924,1.38,0.58,0.09
236.0,0.0,0.0,194.0,0.0,968.0,885.0,28.0,18.41590396,0.82,0.82,0.13
236.0,157.0,0.0,192.0,0.0,972.6,749.1,7.0,20.416073836,0.81,0.49,0.14
218.85,0.0,124.13,158.49,11.33,1078.7,794.91,100.0,46.2293658,0.72,0.46,0.12
480.0,0.0,0.0,192.0,0.0,936.0,721.0,3.0,24.39366088,0.4,0.4,0.29
133.0,200.0,0.0,192.0,0.0,927.4,839.2,28.0,27.874825204,1.44,0.58,0.08
336.5,0.0,0.0,181.9,3.4,985.8,816.8,28.0,44.868340176,0.54,0.54,0.19
213.72,98.05,24.51,181.71,6.86,1065.8,785.38,100.0,53.90323368,0.85,0.54,0.12
525.0,0.0,0.0,189.0,0.0,1125.0,613.0,28.0,55.94408264,0.36,0.36,0.3
260.0,101.0,78.0,171.0,10.0,936.0,763.0,28.0,49.77327244,0.66,0.39,0.15
166.8,250.2,0.0,203.5,0.0,975.6,692.6,7.0,15.748321316,1.22,0.49,0.1
251.81,0.0,99.94,146.14,12.35,1006.0,899.76,56.0,44.14025352,0.58,0.42,0.13
141.3,212.0,0.0,203.5,0.0,971.8,748.5,28.0,29.89223198,1.44,0.58,0.08
172.38,13.61,172.37,156.76,4.14,1006.3,856.4,3.0,21.29101888,0.91,0.44,0.09
139.7,163.9,127.7,236.7,5.8,868.6,655.6,28.0,35.22532884,1.69,0.55,0.09
173.0,116.0,0.0,192.0,0.0,946.8,856.8,90.0,32.102692036,1.11,0.66,0.1
277.19,97.82,24.46,160.7,11.19,1061.7,782.46,100.0,66.9481196,0.58,0.4,0.15
212.52,0.0,100.37,159.32,8.71,1007.8,903.59,100.0,42.919881,0.75,0.51,0.11
281.0,0.0,0.0,186.0,0.0,1104.0,774.0,7.0,14.49968028,0.66,0.66,0.15
200.0,0.0,0.0,180.0,0.0,1125.0,845.0,7.0,7.83934212,0.9,0.9,0.1
325.0,0.0,0.0,184.0,0.0,1063.0,783.0,28.0,30.57136584,0.57,0.57,0.18
251.37,0.0,118.27,188.45,6.35,1028.4,757.73,56.0,36.63875464,0.75,0.51,0.14
376.0,0.0,0.0,214.6,0.0,1003.5,762.36,28.0,31.97100212,0.57,0.57,0.21
516.0,0.0,0.0,162.0,8.2,801.0,802.0,28.0,41.36856,0.31,0.31,0.32
167.95,42.08,163.83,121.75,5.72,1058.7,780.11,3.0,7.74971024,0.72,0.33,0.09
162.0,214.0,164.0,202.0,10.0,820.0,680.0,28.0,30.6472082,1.25,0.37,0.11
446.0,24.0,79.0,162.0,11.64,967.0,712.0,28.0,44.42293868,0.36,0.3,0.27
213.74,0.0,174.74,154.79,10.16,1053.5,776.35,56.0,46.6430514,0.72,0.4,0.12
491.0,26.0,123.0,201.0,3.93,822.0,699.0,7.0,37.92118,0.41,0.31,0.32
400.0,0.0,0.0,187.0,0.0,1025.0,745.0,28.0,43.69898888,0.47,0.47,0.23
500.0,0.0,0.0,200.0,0.0,1125.0,613.0,180.0,51.04190828,0.4,0.4,0.29
297.16,0.0,117.54,174.8,9.52,1022.8,753.45,3.0,21.91154728,0.59,0.42,0.17
181.9,272.8,0.0,185.7,0.0,1012.4,714.3,28.0,27.935499092,1.02,0.41,0.11
254.0,0.0,0.0,198.0,0.0,968.0,863.0,180.0,27.62730332,0.78,0.78,0.14
313.0,145.0,0.0,178.0,8.0,1002.0,689.0,28.0,41.05140104,0.57,0.39,0.19
203.5,305.3,0.0,203.5,0.0,963.4,630.0,7.0,19.539060364,1.0,0.4,0.13
330.5,169.6,0.0,194.9,8.1,811.0,802.3,28.0,56.619079644,0.59,0.39,0.2
193.5,290.2,0.0,185.7,0.0,998.2,704.3,28.0,32.626693796,0.96,0.38,0.11
173.0,116.0,0.0,192.0,0.0,946.8,856.8,28.0,24.281965768,1.11,0.66,0.1
135.7,203.5,0.0,185.7,0.0,1076.2,759.3,28.0,18.19871902,1.37,0.55,0.07
525.0,0.0,0.0,189.0,0.0,1125.0,613.0,180.0,61.92183956,0.36,0.36,0.3
379.5,151.2,0.0,153.9,15.9,1134.3,605.0,3.0,28.59946448,0.41,0.29,0.22
229.68,0.0,118.16,195.23,6.13,1028.1,757.63,56.0,31.35047372,0.85,0.56,0.13
203.5,305.3,0.0,203.5,0.0,963.4,630.0,28.0,41.684340008,1.0,0.4,0.13
374.3,0.0,0.0,190.2,6.7,1013.2,730.4,28.0,39.056057496,0.51,0.51,0.21
389.9,189.0,0.0,145.9,22.0,944.7,755.8,56.0,79.40005616,0.37,0.25,0.23
359.0,19.0,141.0,154.0,10.91,942.0,801.0,28.0,59.49488404,0.43,0.3,0.21
237.5,237.5,0.0,228.0,0.0,932.0,594.0,270.0,38.407950056,0.96,0.48,0.16
480.0,0.0,0.0,192.0,0.0,936.2,712.2,3.0,24.404692496,0.4,0.4,0.29
388.6,97.1,0.0,157.9,12.1,852.1,925.7,91.0,57.59882504,0.41,0.33,0.22
122.6,183.9,0.0,203.5,0.0,958.2,800.1,28.0,24.290928956,1.66,0.66,0.07
287.3,120.5,93.9,187.6,9.2,904.4,695.9,28.0,43.798273424,0.65,0.37,0.18
313.3,145.0,0.0,178.5,8.0,1001.9,688.7,28.0,41.053469468,0.57,0.39,0.19
154.8,0.0,142.8,193.3,9.1,1047.4,696.7,28.0,12.459520796,1.25,0.65,0.09
446.0,24.0,79.0,162.0,10.3,967.0,712.0,56.0,54.76507868,0.36,0.3,0.27
349.0,0.0,0.0,192.0,0.0,1056.0,809.0,28.0,33.60506024,0.55,0.55,0.19
145.0,0.0,134.0,181.0,11.0,979.0,812.0,28.0,13.19657064,1.25,0.65,0.08
210.7,316.1,0.0,185.7,0.0,977.0,689.3,7.0,21.819846972,0.88,0.35,0.13
229.68,0.0,118.16,195.23,6.13,1028.1,757.63,14.0,22.31833812,0.85,0.56,0.13
480.0,0.0,0.0,192.0,0.0,936.0,721.0,90.0,54.27555072,0.4,0.4,0.29
288.0,121.0,0.0,177.0,7.0,908.0,829.0,28.0,42.13387836,0.61,0.43,0.17
135.7,203.5,0.0,185.7,0.0,1076.2,759.3,7.0,7.507014688,1.37,0.55,0.07
288.0,192.0,0.0,192.0,0.0,932.0,717.8,7.0,23.523542168,0.67,0.4,0.17
178.03,129.8,118.6,179.94,3.57,1007.3,746.8,100.0,49.99390476,1.01,0.42,0.1
151.0,0.0,185.0,167.0,16.0,1074.0,678.0,28.0,13.45857152,1.11,0.5,0.09
239.6,359.4,0.0,185.7,0.0,941.6,664.3,7.0,25.422359072,0.78,0.31,0.15
132.0,207.0,161.0,179.0,5.0,867.0,736.0,28.0,33.3016908,1.36,0.36,0.08
304.8,0.0,99.6,196.0,9.8,959.4,705.2,28.0,30.12320644,0.64,0.48,0.18
212.07,0.0,121.62,180.31,5.69,1057.6,779.32,28.0,24.90387312,0.85,0.54,0.12
333.0,17.5,163.0,167.0,17.9,996.0,652.0,28.0,47.27736932,0.5,0.33,0.2
302.0,0.0,0.0,203.0,0.0,974.0,817.0,180.0,26.74477404,0.67,0.67,0.17
149.0,139.0,109.0,193.0,6.0,892.0,780.0,28.0,23.69039536,1.3,0.49,0.09
145.0,116.0,119.0,184.0,5.7,833.0,880.0,28.0,29.15794004,1.27,0.48,0.08
385.0,0.0,0.0,186.0,0.0,966.0,763.0,14.0,27.923778,0.48,0.48,0.22
154.8,183.4,0.0,193.3,9.1,877.2,867.7,28.0,23.786922,1.25,0.57,0.09
190.34,0.0,125.18,161.85,9.88,1088.1,802.59,56.0,38.56239268,0.85,0.51,0.1
198.6,132.4,0.0,192.0,0.0,978.4,825.5,360.0,44.296075096,0.97,0.58,0.11
331.0,0.0,0.0,192.0,0.0,978.0,825.0,180.0,38.99676256,0.58,0.58,0.18
250.0,0.0,0.0,182.0,0.0,1100.0,820.0,28.0,20.87043852,0.73,0.73,0.13
321.4,0.0,127.9,182.5,11.5,870.1,779.7,28.0,37.265488324,0.57,0.41,0.19
313.3,145.0,0.0,178.5,8.0,867.2,824.0,28.0,40.925226932,0.57,0.39,0.19
277.0,0.0,0.0,191.0,0.0,968.0,856.0,28.0,25.96566616,0.69,0.69,0.15
296.0,0.0,0.0,186.0,0.0,1090.0,769.0,7.0,18.91232668,0.63,0.63,0.16
333.0,0.0,0.0,192.0,0.0,931.2,842.6,28.0,31.966865264,0.58,0.58,0.19
310.0,0.0,0.0,192.0,0.0,1012.0,830.0,120.0,38.70028788,0.62,0.62,0.17
133.0,200.0,0.0,192.0,0.0,927.4,839.2,90.0,36.588422892,1.44,0.58,0.08
475.0,118.8,0.0,181.1,8.9,852.1,781.5,7.0,55.59934464,0.38,0.3,0.29
393.0,0.0,0.0,192.0,0.0,940.0,758.0,28.0,39.58281716,0.49,0.49,0.23
331.0,0.0,0.0,192.0,0.0,1025.0,821.0,7.0,17.43684804,0.58,0.58,0.18
316.1,210.7,0.0,185.7,0.0,977.0,689.3,28.0,38.70028788,0.59,0.35,0.19
165.0,0.02,143.57,163.81,0.0,1005.6,900.9,3.0,14.39625888,0.99,0.53,0.09
491.0,26.0,123.0,210.0,3.93,882.0,699.0,7.0,33.4888342847293,0.43,0.33,0.31
380.0,95.0,0.0,228.0,0.0,932.0,594.0,180.0,40.759063216,0.6,0.48,0.25
198.6,132.4,0.0,192.0,0.0,978.4,825.5,180.0,41.719503284,0.97,0.58,0.11
135.0,105.0,193.0,196.0,6.0,965.0,643.0,28.0,21.91154728,1.45,0.45,0.08
295.0,0.0,0.0,185.0,0.0,1069.0,769.0,28.0,25.17966352,0.63,0.63,0.16
153.0,239.0,0.0,200.0,6.0,1002.0,684.0,28.0,26.8550902,1.31,0.51,0.09
190.68,0.0,125.4,162.14,7.77,1090.0,804.01,14.0,21.0634918,0.85,0.51,0.1
342.0,38.0,0.0,228.0,0.0,932.0,670.0,180.0,52.1243856,0.67,0.6,0.21
141.9,166.6,129.7,173.5,10.9,882.6,785.3,28.0,44.611855104,1.22,0.4,0.09
213.72,98.05,24.51,181.71,6.86,1065.8,785.38,14.0,30.38520732,0.85,0.54,0.12
387.0,20.0,94.0,157.0,13.93,938.0,845.0,3.0,25.510612,0.41,0.31,0.22
382.0,0.0,0.0,186.0,0.0,1047.0,739.0,7.0,24.00065956,0.49,0.49,0.21
376.0,0.0,0.0,214.6,0.0,1003.5,762.36,100.0,43.0577762,0.57,0.57,0.21
181.38,0.0,167.01,169.59,7.56,1055.6,777.8,100.0,45.3675208,0.93,0.49,0.1
251.37,0.0,118.27,192.94,5.75,1043.6,754.3,3.0,11.98309288,0.77,0.52,0.14
236.0,157.0,0.0,192.0,0.0,972.6,749.1,3.0,13.5654403,0.81,0.49,0.14
397.0,17.2,158.0,167.0,20.8,967.0,633.0,28.0,55.64760796,0.42,0.29,0.25
382.5,0.0,0.0,185.7,0.0,1047.8,739.3,28.0,37.437857324,0.49,0.49,0.21
355.0,19.0,97.0,145.0,12.25,967.0,871.0,28.0,55.45455468,0.41,0.31,0.19
337.9,189.0,0.0,174.9,9.5,944.7,755.8,28.0,49.89737812,0.52,0.33,0.2
310.0,0.0,0.0,192.0,0.0,971.0,850.6,3.0,9.86640156,0.62,0.62,0.17
446.0,24.0,79.0,162.0,11.61,967.0,712.0,28.0,57.02655996,0.36,0.3,0.27
157.0,236.0,0.0,192.0,0.0,935.4,781.2,90.0,43.377003588,1.22,0.49,0.09
401.8,94.7,0.0,147.4,11.4,946.8,852.1,28.0,68.4994406,0.37,0.3,0.22
284.0,15.0,141.0,179.0,5.46,842.0,801.0,3.0,13.3955337152707,0.63,0.41,0.17
159.0,149.0,116.0,175.0,15.0,953.0,720.0,28.0,27.67556664,1.1,0.41,0.1
266.0,114.0,0.0,228.0,0.0,932.0,670.0,180.0,48.695621452,0.86,0.6,0.17
310.0,0.0,0.0,192.0,0.0,970.0,850.0,90.0,34.6806428,0.62,0.62,0.17
304.0,76.0,0.0,228.0,0.0,932.0,670.0,28.0,47.813781648,0.75,0.6,0.19
286.3,200.9,0.0,144.7,11.2,1004.6,803.7,56.0,72.99482412,0.51,0.3,0.16
342.0,38.0,0.0,228.0,0.0,932.0,670.0,90.0,50.45930106,0.67,0.6,0.21
387.0,20.0,94.0,157.0,13.93,938.0,845.0,7.0,45.89841732,0.41,0.31,0.22
500.0,0.0,0.0,140.0,4.0,966.0,853.0,28.0,67.568648,0.28,0.28,0.27
222.36,0.0,96.67,189.29,4.46,967.08,870.32,56.0,29.44751996,0.85,0.59,0.12
385.0,0.0,0.0,186.0,0.0,966.0,763.0,1.0,6.26733684,0.48,0.48,0.22
190.34,0.0,125.18,161.85,9.88,1088.1,802.59,28.0,28.46846404,0.85,0.51,0.1
155.0,0.0,143.0,193.0,9.0,877.0,868.0,28.0,9.73540112,1.25,0.65,0.09
349.0,0.0,0.0,192.0,0.0,1047.0,806.0,180.0,41.05140104,0.55,0.55,0.19
237.5,237.5,0.0,228.0,0.0,932.0,594.0,90.0,33.116911232,0.96,0.48,0.16
133.0,210.0,0.0,196.0,3.0,949.0,795.0,28.0,31.02642,1.47,0.57,0.08
275.07,0.0,121.35,159.48,9.9,1053.6,777.5,56.0,56.8472962,0.58,0.4,0.15
500.0,0.0,0.0,200.0,0.0,1125.0,613.0,7.0,33.21205892,0.4,0.4,0.29
166.8,250.2,0.0,203.5,0.0,975.6,692.6,90.0,43.565230536,1.22,0.49,0.1
310.0,0.0,0.0,192.0,0.0,1012.0,830.0,90.0,35.76312012,0.62,0.62,0.17
168.88,42.22,124.25,158.33,10.83,1080.8,796.15,14.0,23.5111316,0.94,0.47,0.09
288.0,192.0,0.0,192.0,0.0,932.0,717.8,90.0,50.526869708,0.67,0.4,0.17
250.0,0.0,95.69,187.42,5.53,956.86,861.17,28.0,29.21999288,0.75,0.54,0.14
331.0,0.0,0.0,192.0,0.0,1025.0,821.0,3.0,14.306627,0.58,0.58,0.18
167.35,129.9,128.62,175.46,7.79,1006.3,746.6,100.0,53.65502232,1.05,0.41,0.1
213.5,0.0,174.24,159.21,11.66,1043.6,771.9,56.0,51.25564584,0.75,0.41,0.12
231.75,0.0,121.62,173.96,6.72,1056.4,778.45,14.0,26.77235308,0.75,0.49,0.13
525.0,0.0,0.0,189.0,0.0,1125.0,613.0,3.0,33.79811352,0.36,0.36,0.3
140.0,164.0,128.0,237.0,6.0,869.0,656.0,28.0,35.22532884,1.69,0.55,0.09
231.75,0.0,121.62,173.96,6.72,1056.4,778.45,3.0,15.43736764,0.75,0.49,0.13
158.6,148.9,116.0,175.1,15.0,953.3,719.7,28.0,27.681082448,1.1,0.41,0.09
190.68,0.0,125.4,162.14,7.77,1090.0,804.01,28.0,26.40003604,0.85,0.51,0.1
337.9,189.0,0.0,174.9,9.5,944.7,755.8,56.0,59.89478012,0.52,0.33,0.2
331.0,0.0,0.0,192.0,0.0,1025.0,821.0,90.0,37.91428524,0.58,0.58,0.18
475.0,0.0,0.0,162.0,9.5,1044.0,662.0,28.0,58.52272288,0.34,0.34,0.28
200.0,133.0,0.0,192.0,0.0,965.4,806.2,7.0,17.165883972,0.96,0.58,0.11
295.8,0.0,0.0,185.7,0.0,1091.4,769.3,7.0,14.843728804,0.63,0.63,0.16
298.2,0.0,107.0,209.7,11.1,879.6,744.2,28.0,31.875164956,0.7,0.52,0.18
276.4,116.0,90.3,179.6,8.9,870.1,768.3,28.0,44.284354004,0.65,0.37,0.17
212.07,0.0,121.62,180.31,5.69,1057.6,779.32,14.0,20.91870184,0.85,0.54,0.12
190.0,190.0,0.0,228.0,0.0,932.0,670.0,365.0,53.692254024,1.2,0.6,0.12
281.0,0.0,0.0,186.0,0.0,1104.0,774.0,28.0,22.43554904,0.66,0.66,0.15
424.0,22.0,132.0,178.0,8.48,882.0,750.0,3.0,32.0113857152707,0.42,0.31,0.26
284.0,120.0,0.0,168.0,7.0,970.0,794.0,28.0,40.93419012,0.59,0.42,0.16
158.8,238.2,0.0,185.7,0.0,1040.6,734.3,28.0,21.066249704,1.17,0.47,0.09
339.0,0.0,0.0,185.0,0.0,1069.0,754.0,7.0,21.16001844,0.55,0.55,0.19
229.68,0.0,118.16,195.23,6.13,1028.1,757.63,28.0,24.53845084,0.85,0.56,0.13
190.0,190.0,0.0,228.0,0.0,932.0,670.0,90.0,42.32693164,1.2,0.6,0.12
251.81,0.0,99.94,146.14,12.35,1006.0,899.76,14.0,33.35684888,0.58,0.42,0.13
339.0,0.0,0.0,197.0,0.0,968.0,781.0,14.0,27.04124872,0.58,0.58,0.19
520.0,0.0,0.0,175.0,5.2,870.0,805.0,28.0,51.021224,0.34,0.34,0.31
375.0,93.8,0.0,126.6,23.4,852.1,992.6,91.0,62.5009994,0.34,0.27,0.2
310.0,143.0,0.0,168.0,10.0,914.0,804.0,28.0,45.2985732,0.54,0.37,0.18
427.5,47.5,0.0,228.0,0.0,932.0,594.0,180.0,41.836714204,0.53,0.48,0.28
250.2,166.8,0.0,203.5,0.0,977.6,694.1,90.0,47.714497104,0.81,0.49,0.15
154.0,144.0,112.0,220.0,10.0,923.0,658.0,28.0,16.49916068,1.43,0.54,0.1
382.5,0.0,0.0,185.7,0.0,1047.8,739.3,7.0,24.065470304,0.49,0.49,0.21
305.3,203.5,0.0,203.5,0.0,965.4,631.0,3.0,14.143910664,0.67,0.4,0.19
143.0,169.4,142.7,190.7,8.4,967.4,643.5,28.0,29.726068264,1.33,0.42,0.09
233.81,0.0,94.58,197.89,4.567,947.04,852.16,3.0,10.38350856,0.85,0.6,0.13
277.0,116.8,91.0,190.6,7.0,946.5,665.6,28.0,43.57833058,0.69,0.39,0.17
203.5,305.3,0.0,203.5,0.0,963.4,630.0,3.0,9.561653168,1.0,0.4,0.13
424.0,22.0,132.0,178.0,8.48,822.0,750.0,7.0,39.0046422847293,0.42,0.31,0.27
446.0,24.0,79.0,162.0,10.3,967.0,712.0,28.0,53.38612668,0.36,0.3,0.27
356.0,0.0,142.0,193.0,11.0,801.0,778.0,28.0,40.86524252,0.54,0.39,0.23
500.0,0.0,0.0,200.0,0.0,1125.0,613.0,3.0,26.0621928,0.4,0.4,0.29
250.0,0.0,95.69,187.42,5.53,956.86,861.17,56.0,38.32797084,0.75,0.54,0.14
139.6,209.4,0.0,192.0,0.0,1047.0,806.9,28.0,28.23748958,1.38,0.55,0.08
165.0,128.5,132.1,175.06,8.08,1005.8,746.6,100.0,55.0201848,1.06,0.41,0.09
251.37,0.0,118.27,188.45,5.75,1028.4,757.73,28.0,29.65436276,0.75,0.51,0.14
272.6,0.0,89.6,198.7,10.6,931.3,762.2,28.0,32.245413568,0.73,0.55,0.16
520.0,0.0,0.0,170.0,5.2,855.0,855.0,28.0,60.28088668,0.33,0.33,0.3
393.0,0.0,0.0,192.0,0.0,940.0,758.0,90.0,48.79421652,0.49,0.49,0.23
297.16,0.0,117.54,174.8,9.52,1022.8,753.45,100.0,56.7438748,0.59,0.42,0.17
331.0,0.0,0.0,192.0,0.0,978.0,825.0,360.0,41.24445432,0.58,0.58,0.18
323.7,282.8,0.0,183.8,10.3,942.7,659.9,28.0,74.69782984,0.57,0.3,0.2
159.0,187.0,0.0,176.0,11.0,990.0,789.0,28.0,32.76389952,1.11,0.51,0.09
286.3,200.9,0.0,144.7,11.2,1004.6,803.7,3.0,24.40055564,0.51,0.3,0.16
246.83,0.0,125.08,143.3,11.99,1086.8,800.89,14.0,42.21661548,0.58,0.39,0.13
190.34,0.0,125.18,166.61,9.88,1079.0,798.9,100.0,33.56369168,0.88,0.53,0.1
475.0,118.8,0.0,181.1,8.9,852.1,781.5,28.0,68.29949256,0.38,0.3,0.29
314.0,0.0,113.0,170.0,10.0,925.0,783.0,28.0,38.45897128,0.54,0.4,0.18
