transformed_feature,mean_abs_shap,mean_signed_shap,std_signed_shap,max_abs_shap,mean_abs_share,shap_rank,original_feature,transform_family,transformed_detail,mapping_status,feature_group
num__curing_temp,10.637911875406033,5.487618627142081,12.918413335141155,34.427781676342285,0.19619421878579976,1,curing_temp,num,,mapped,curing
target__sand_type,6.964597224880232,4.226041343232789,5.9991511181670525,10.766623476558992,0.12844754945302386,2,sand_type,target,,mapped,fillers_and_aggregates
num__fiber1_amount,6.077020859609586,1.1782052593962973,6.598792245710934,29.084830216347335,0.1120780444565024,3,fiber1_amount,num,,mapped,fibers
target__cement_type,3.4488171795245597,-1.811258869434673,3.3494488859892604,14.03058451154524,0.06360627914545872,4,cement_type,target,,mapped,binders_and_scms
target__fiber1_type,3.2549000296384407,0.6592246960322486,3.273193492477081,5.796379629332266,0.06002987954968524,5,fiber1_type,target,,mapped,fibers
num__silica_fume,2.8764907122192827,1.6181629152676404,3.142658841327601,9.619354474685583,0.05305090460781153,6,silica_fume,num,,mapped,binders_and_scms
num__water,2.388266897636201,1.9408031557091066,2.117671216031455,7.895085106306142,0.04404662904916532,7,water,num,,mapped,water
num__slag,1.8648641492372613,-1.8648641492372613,4.26331724259036,16.999201305202412,0.03439355102641181,8,slag,num,,mapped,binders_and_scms
ohe__fly_ash_type_not_applicable,1.683526104466987,-0.8606312045250614,1.7464474740046891,4.921544497729595,0.03104914693221166,9,fly_ash_type,ohe,not_applicable,mapped,binders_and_scms
num__fly_ash,1.5454325055565656,1.1647948443340839,1.1812991287766337,8.102468841670364,0.02850229694183086,10,fly_ash,num,,mapped,binders_and_scms
num__sp_amount,1.317504505382026,-0.3241552757152581,1.7181283417780409,4.9808116941726155,0.02429863775970903,11,sp_amount,num,,mapped,chemical_admixtures
num__cement,1.2951871368356522,-0.4243816997544452,1.8106267622118422,6.720464322108881,0.02388704018881418,12,cement,num,,mapped,binders_and_scms
num__sand_max_size,1.2773225523265292,0.5745092827191894,1.3068280591010486,4.573603605128407,0.02355756498327094,13,sand_max_size,num,,mapped,fillers_and_aggregates
ohe__curing_method_Steam Curing,1.2099145131621074,-0.06652765336496844,1.5397416728992528,3.2925306796010205,0.02231436352243523,14,curing_method,ohe,Steam Curing,mapped,curing
target__filler_type,0.948657575625078,-0.1412985091049913,2.4595980649757463,11.413121349443044,0.01749602122342163,15,filler_type,target,,mapped,fillers_and_aggregates
ohe__sp_type_PCE_SP,0.941771906088488,0.049817264310410725,0.9421507822112588,1.0050648318586304,0.017369029331462862,16,sp_type,ohe,PCE_SP,mapped,chemical_admixtures
ohe__curing_method_Standard Curing,0.9397861987385782,0.3205380344599393,0.9202424738757156,1.1806049292913823,0.01733240707825982,17,curing_method,ohe,Standard Curing,mapped,curing
ohe__sp_type_Unspecified,0.8059205925953997,0.15982868094218497,1.2153948517408901,3.8641266254644173,0.014863533644530042,18,sp_type,ohe,Unspecified,mapped,chemical_admixtures
num__filler,0.6325942560609795,0.27592950833032603,1.1063003013439785,12.103597826897946,0.011666888890403683,19,filler,num,,mapped,fillers_and_aggregates
num__limestone_powder,0.43075320636478454,-0.08523345640548585,0.8173432779286428,3.8200828676846137,0.007944349398832713,20,limestone_powder,num,,mapped,binders_and_scms
num__fiber1_length,0.4184649821642146,0.24391822787055167,0.5121139851095887,1.0335860516080586,0.007717718592380056,21,fiber1_length,num,,mapped,fibers
ohe__fly_ash_type_class C,0.4053435263037267,-0.1306878234471435,0.6703744582564478,2.8472641196132464,0.007475720556296256,22,fly_ash_type,ohe,class C,mapped,binders_and_scms
num__rice_husk_ash,0.3714745794277934,-0.300217148384757,0.6463830324923683,11.080530527192156,0.006851078084047175,23,rice_husk_ash,num,,mapped,binders_and_scms
ohe__sp_type_HRWRA,0.34622185063733096,0.28673152163294807,0.5687645950756954,1.2782370050393297,0.006385343882139683,24,sp_type,ohe,HRWRA,mapped,chemical_admixtures
num__ggbfs,0.32828370479371466,0.06820777743142532,0.7005465803845027,5.460000854947251,0.006054511990366778,25,ggbfs,num,,mapped,binders_and_scms
num__glass_powder,0.3230373363112374,-0.1173985987715161,0.7550080105063603,8.270281476913432,0.005957753606020528,26,glass_powder,num,,mapped,binders_and_scms
ohe__fly_ash_type_class F,0.22230644048161333,-0.13470204948268236,0.26293046614690246,1.2384075273030701,0.004099981174141593,27,fly_ash_type,ohe,class F,mapped,binders_and_scms
ohe__curing_method_Autoclave Curing,0.2193274594086337,0.1207966582993994,0.5365722777313039,1.7629766767866382,0.004045040047420837,28,curing_method,ohe,Autoclave Curing,mapped,curing
ohe__sp_type_unknown_type,0.21354159709332357,0.03896303539609438,0.48167413947764165,1.7847486523683862,0.0039383318183764835,29,sp_type,ohe,unknown_type,mapped,chemical_admixtures
num__sand,0.20346659112153329,-0.09557126792209612,0.28597660727593427,0.9235279121655285,0.0037525192313717414,30,sand,num,,mapped,fillers_and_aggregates
ohe__sp_type_PCE_HRWRA,0.12746771580638092,-0.10220384420511625,0.08795751097427756,0.3571392758178781,0.002350877617332087,31,sp_type,ohe,PCE_HRWRA,mapped,chemical_admixtures
num__metakaolin,0.11226690629020965,-0.08984491635468124,0.20312952531002548,3.486619434974666,0.002070530216181695,32,metakaolin,num,,mapped,binders_and_scms
ohe__slag_type_not_applicable,0.10898712381610466,-0.10898712381610466,0.2079853299390562,0.5058954553255007,0.0020100414315563924,33,slag_type,ohe,not_applicable,mapped,binders_and_scms
ohe__curing_method_Hot Water Curing,0.08390184762799179,0.08390184762799179,0.0,0.08390184762799179,0.001547395545559618,34,curing_method,ohe,Hot Water Curing,mapped,curing
num__fiber1_diameter,0.05495483582496665,-0.02458256985190534,0.06807850127278371,0.13479394189444488,0.0010135279563753378,35,fiber1_diameter,num,,mapped,fibers
num__fiber2_amount,0.035186686056372755,-0.035186686056372755,0.0,0.035186686056372755,0.0006489454381034486,36,fiber2_amount,num,,mapped,fibers
num__nano_caco3,0.029831904782961594,-0.029831904782961594,0.5252448841480533,9.277722387501036,0.0005501876047043414,37,nano_caco3,num,,mapped,binders_and_scms
ohe__sp_type_SNF_SP,0.019123958390919692,0.019123958390919692,3.469446951953614e-18,0.019123958390919696,0.00035270174452873263,38,sp_type,ohe,SNF_SP,mapped,chemical_admixtures
ohe__fiber2_type_PE Fiber,0.015352005177769999,0.015352005177769999,1.734723475976807e-18,0.015352005177769997,0.00028313589151002206,39,fiber2_type,ohe,PE Fiber,mapped,fibers
ohe__fiber2_type_Hooked Steel Fiber,0.011365066828226968,-0.011365066828226968,1.734723475976807e-18,0.011365066828226966,0.00020960508358481685,40,fiber2_type,ohe,Hooked Steel Fiber,mapped,fibers
ohe__slag_type_Steel Slag,0.008833786573999894,-0.008833786573999894,0.08950795467885167,0.9157692081713223,0.00016292086981969331,41,slag_type,ohe,Steel Slag,mapped,binders_and_scms
ohe__fiber2_type_not_applicable,0.008150634905545198,0.008150634905545198,0.0,0.008150634905545198,0.0001503215543267203,42,fiber2_type,ohe,not_applicable,mapped,fibers
ohe__curing_method_Air Curing,0.00789730299163697,0.00789730299163697,0.0,0.00789730299163697,0.0001456493726500095,43,curing_method,ohe,Air Curing,mapped,curing
num__nano_sio2,0.0035505813787602464,-0.0018962947463952464,0.008500888114101464,0.1310984362314453,6.548310871532634e-05,44,nano_sio2,num,,mapped,binders_and_scms
ohe__sp_type_Other_Polymer_SP,0.0017536053606030844,-0.0017536053606030844,0.02179696898730859,0.2726856335737796,3.234161344930121e-05,45,sp_type,ohe,Other_Polymer_SP,mapped,chemical_admixtures
ohe__fiber2_type_Straight Steel Fiber,0.0,0.0,0.0,0.0,0.0,46,fiber2_type,ohe,Straight Steel Fiber,mapped,fibers
num__nano_tio2,0.0,0.0,0.0,0.0,0.0,47,nano_tio2,num,,mapped,binders_and_scms
ohe__fiber2_type_PVA Fiber,0.0,0.0,0.0,0.0,0.0,48,fiber2_type,ohe,PVA Fiber,mapped,fibers
num__nano_al2o3,0.0,0.0,0.0,0.0,0.0,49,nano_al2o3,num,,mapped,binders_and_scms
ohe__fiber2_type_PP Fiber,0.0,0.0,0.0,0.0,0.0,50,fiber2_type,ohe,PP Fiber,mapped,fibers
ohe__fiber2_type_Cellulose Fiber,0.0,0.0,0.0,0.0,0.0,51,fiber2_type,ohe,Cellulose Fiber,mapped,fibers
ohe__sp_type_VMA,0.0,0.0,0.0,0.0,0.0,52,sp_type,ohe,VMA,mapped,chemical_admixtures
"ohe__slag_type_Steel Slag 
Powder",0.0,0.0,0.0,0.0,0.0,53,slag_type,ohe,"Steel Slag 
Powder",mapped,binders_and_scms
ohe__slag_type_Phosphorous Slag,0.0,0.0,0.0,0.0,0.0,54,slag_type,ohe,Phosphorous Slag,mapped,binders_and_scms
ohe__curing_method_Heat Curing,0.0,0.0,0.0,0.0,0.0,55,curing_method,ohe,Heat Curing,mapped,curing
ohe__fly_ash_type_unknown_type,0.0,0.0,0.0,0.0,0.0,56,fly_ash_type,ohe,unknown_type,mapped,binders_and_scms
num__quartz_powder,0.0,0.0,0.0,0.0,0.0,57,quartz_powder,num,,mapped,binders_and_scms
ohe__curing_method_Water Curing,0.0,0.0,0.0,0.0,0.0,58,curing_method,ohe,Water Curing,mapped,curing
