Mechanical Properties | Compressive Strength (Mpa) | 28-Day
100.0
161.0
140.9
217.0
171.8
98.0
131.48
138.0
198.0
138.1
192.2
126.0
198.0
197.0
91.5
195.2
140.0
110.8
171.0
124.0
132.0
180.0
160.0
166.0
123.0
130.3
122.0
205.0
130.0
207.0
180.081300813008
122.4
170.0
202.0
122.0
192.0
169.0
126.0
144.0
200.0
136.0
208.0
166.0
132.0
178.2
156.6
268.0
168.0
157.0
134.0
159.3
191.071
136.4
131.0
164.0
152.0
103.2
129.0
158.0
110.0
150.0
138.0
151.0
155.0
146.6
178.0
158.0
187.0
112.4
105.691056910569
205.0
126.9
149.0
219.0
123.19
124.0
167.0
150.8
144.3
147.0
174.0
130.3
92.96
130.6
187.7
196.0
150.0
221.0
153.8
192.0
255.0
190.0
160.0
160.0
229.0
170.0
175.0
199.0
119.0
185.0
160.0
114.55
134.0
185.365853658536
159.0
140.0
140.0
119.0
151.0
120.0
159.2
130.5
162.0
199.81
250.0
112.0
82.6
80.0
102.0
83.4
179.1
128.0
161.0
170.0
130.0
138.2
142.0
194.0
176.0
139.0
178.0
185.0
111.0
148.3
165.0
149.0
120.0
108.0
139.7
135.9
135.0
120.0
109.0
109.0
114.0
167.0
165.95744680851
234.0
213.0
115.0
105.0
137.0
221.0
129.2
170.29
115.0
140.8
98.0
105.0
137.85
155.0
144.0
123.39
182.0
204.4
125.6
119.5
130.0
228.0
110.0
147.0
192.0
108.0
172.0
130.0
126.0
158.1
165.0
111.9
183.0
110.0
155.0
245.0
112.0
187.4
187.0
128.4
127.8
209.0
192.0
210.0
153.0
128.0
135.0
112.0
225.0
202.0
135.0
120.7
184.0
185.341
145.7
134.0
176.0
171.0
165.95744680851
165.0
149.0
216.0
152.9
159.75
140.0
168.0
152.0
265.0
140.0
125.0
136.0
225.0
187.0
165.0
167.0
136.9
193.0
135.0
132.0
205.0
203.0
125.0
142.0
202.2
121.0
169.0
117.0
187.4
128.3
96.3
194.0
162.94
180.0
149.0
298.0
155.0
204.471544715447
175.0
153.6
200.0
160.0
155.0
113.0
102.0
146.0
200.0
102.82
230.0
99.1
132.0
97.0212765957446
179.0
149.0
127.7
134.7
130.0
191.0
145.0
149.2
115.0
152.46
138.9
92.3
187.0
142.0
128.7
118.9
109.2
173.0
178.0
151.0
141.0
132.0
115.9
92.0
131.0
157.0
164.0
162.8
186.0
162.0
137.2
125.9
180.0
160.0
85.8
123.0
104.0
155.0
127.1
113.0
252.0
232.0
83.0
90.4
193.0
108.0
150.0
114.0
202.86
157.8
128.3
178.7083
152.0
103.0
155.0
195.0
106.0
172.0
134.5
128.0
160.0
145.0
107.5
113.6
107.4
150.0
152.0
227.0
123.3
113.72
261.0
94.0
112.32
91.93
112.0
211.0
132.91
146.0
165.0
210.0
143.2
149.6
130.0
185.0
196.0
157.3
160.0
165.0
138.0
134.0
195.0
107.0
136.607142857142
154.0
156.0
130.0
135.0
81.2
122.0
205.0
116.2
115.0
139.7
190.0
162.0
146.0
139.3
179.0
94.0
122.4
120.0
157.0
94.0
157.8
145.0
121.4
133.9
99.5
94.0
138.0
207.0
164.0
100.0
122.2
190.0
141.8
93.0
122.4
93.0
259.0
185.0
152.1
124.7
121.0
212.0
204.0
88.0
131.7
133.1
134.0
213.0
173.983739837398
135.6
159.0
158.0
158.8
130.5
151.0
130.94
162.6
209.0
156.7
162.2
111.5
138.3
170.0
162.0
198.0
96.0
114.0
169.0
139.0
132.0
135.1
141.4
181.0
114.0
186.5
136.3
159.0
208.0
153.0
103.0
149.0
136.9
165.2
130.3
125.0
150.0
160.0
120.0
96.0
188.0
97.0
109.81
162.0
116.0
149.0
154.5
131.5
137.0
234.0
145.0
165.0
210.0
210.0
178.0
148.0
83.0
113.0
185.0
154.0
142.0
170.0
92.0
139.4
203.0
125.0
261.0
115.0
165.0
189.1
178.0
162.3
143.0
163.0
158.0
158.0
174.0
152.0
132.0
129.4
182.0
174.0
217.0
155.0
200.0
94.0
92.0
94.0
157.142857142857
132.0
185.0
220.2
149.2
136.0
208.0
186.0
116.0
119.0
194.0
140.0
200.7
135.0
150.0
169.0
209.0
160.851063829787
212.0
105.0
205.0
88.0
162.0
134.5
160.0
170.0
180.4
205.0
96.8
192.0
156.6
180.0
154.0
115.0
136.3
115.0
214.0
109.0
113.0
169.0
125.7
182.0
202.0
157.0
120.0
128.0
197.0
135.0
135.0
94.17
175.0
117.84
136.0
149.0
178.0
149.0
162.1
168.0
207.0
112.0
135.9
132.0
166.517857142857
190.0
150.0
172.1
153.0
190.0
225.0
142.0
152.0
151.5
144.1
136.9
90.0
200.0
155.0
153.0
90.8
135.2
171.0
144.7
130.0
171.0
198.0
146.0
136.0
173.0
196.0
205.0
275.0
149.5
156.0
140.0
148.0
163.0
84.0
144.0
206.0
171.0
139.15
105.0
145.0
141.0
162.0
144.0
118.0
172.0
173.0
156.0
87.4
108.0
197.0
126.3
130.0
126.0
130.0
103.7
91.5
158.0
91.0
124.0
80.0
135.0
131.0
144.0
170.0
207.62
98.0
144.0
102.0
101.2
201.0
254.0
225.0
184.0
126.5
115.7
100.2
167.0
149.0
181.0
167.0
135.0
156.0
172.9
113.5
158.0
121.0
123.0
150.0
133.3
110.0
167.0
157.0
119.0
146.428571428571
88.6
160.0
133.4
120.0
123.0
112.0
170.0
165.0
110.0
145.1
171.0
132.0
234.0
174.0
136.0
158.0
116.0
93.0
169.0
188.3
182.0
106.3
137.80487804878
200.0
129.0
176.0
205.0
155.0
175.0
121.0
165.0
183.0
147.1
110.0
143.3
120.5
98.0
253.0
168.0
170.0
148.0
138.2
98.1
161.915
206.25
122.5
89.5
124.4
122.0
156.0
104.0
111.0
135.0
161.0
161.0
278.0
127.26
122.0
141.8
161.0
143.0
125.0
97.7
135.0
174.3
248.0
192.0
147.0
145.1
142.0
207.0
171.0
190.9
97.0
122.2
136.9
93.5
126.0
132.0
136.4
150.0
168.0
168.0
133.0
179.8
149.0
143.5
131.4
91.0
166.0
120.5
172.3
144.0
141.0
191.0
144.0
160.2
146.0
147.0
134.0
141.7
132.142857142857
88.3
159.0
170.0
177.0
105.0
125.0
128.73
100.0
100.5
122.0
168.0
125.0
113.8
115.0
140.0
111.0
120.0
163.3
107.4
138.0
105.4
113.4
105.4
147.0
163.0
175.0
151.0
120.0
167.0
196.5
210.0
92.6
170.0
119.0
94.0
126.7
130.0
142.0
157.3
115.0
190.0
171.0
90.0
153.0
171.0
132.0
149.0
119.0
126.0
135.0
211.0
91.0
120.0
155.0
121.0
152.0
150.0
152.4
177.0
95.0
95.0
187.5
163.0
103.0
163.5
105.0
115.0
116.8
162.0
120.2
141.0
160.0
210.0
130.0
146.0
105.0
151.0
166.808510638297
94.0
141.0
159.0
201.0
126.6
136.0
177.8
137.7
140.0
185.0
121.4
115.0
87.0
122.0
110.0
146.0
134.0
158.0
118.0
114.5
130.0
180.28
179.8
130.0
124.0
192.3
155.0
165.0
136.0
185.0
105.0
121.0
111.2
107.0
115.0
121.0
128.0
230.0
130.3
161.0
177.3
92.0
213.0
186.0
132.0
158.0
229.0
159.0
146.0
97.5
131.0
128.9
119.6
157.0
156.0
123.2
170.29
168.7
106.0
192.6
130.0
137.93
115.0
128.35
131.0
145.1
168.0
138.2
216.0
170.0
185.0
183.0
134.7
145.0
82.0
83.0
129.0
167.95
121.5
116.0
140.0
125.0
270.0
126.0
124.0
157.0
234.0
143.4
125.0
140.0
148.4
185.0
123.0
158.0
175.0
182.0
90.0
103.8
157.0
142.3
106.5
281.0
156.0
97.0
113.2
84.0
186.5
146.0
187.0
100.0
135.0
112.0
198.9
154.0
95.0
106.5
173.6
220.0
172.0
162.0
173.0
128.0
115.0
171.0
139.0
124.0
134.0
142.0
179.0
163.0
124.85
174.468085106383
155.0
141.0
185.0
205.0
88.0
185.5
130.0
140.6
196.0
133.0
150.0
237.0
111.0
197.0
132.0
94.0
145.0
136.0
92.0
152.0
141.0
136.0
145.0
170.0
189.0
143.9
162.0
122.0
108.0
110.0
182.113821138211
181.2
115.0
115.2
200.0
181.0
141.0
150.5
158.0
198.0
198.0
147.0
140.0
234.0
175.0
143.09
126.2
138.0
166.0
164.5
188.0
128.0
164.0
110.0
152.0
164.0
139.0
134.0
164.0
118.0
273.0
122.0
164.0
153.0
169.0
147.0
158.0
172.0
140.0
124.1
195.3
170.0
135.0
178.0
141.0
195.0
170.5
198.0
188.0
121.29
125.7
118.0
178.0
157.0
138.0
172.0
110.0
227.0
138.6
128.0
125.6
158.0
149.0
136.0
129.0
88.0
187.1
151.0
210.0
116.7
156.0
152.0
143.0
134.0
138.8
168.0
148.0
169.0
112.8
194.0
198.0
149.0
141.0
189.46666666666667
129.0
180.081300813008
112.0
165.0
146.0
133.6
193.0
111.2
134.0
137.4
130.357142857142
180.0
147.7
132.2
109.5
86.5
145.0
188.8
172.765957446808
119.0
130.18
136.0
140.0
143.0
196.0
148.0
99.0
90.0
212.0
111.0
129.0
169.0
121.0
155.025
134.7
115.0
222.0
134.0
175.0
175.0
160.0
103.5
161.2
167.0
167.0
132.5
152.0
115.0
108.0
143.0
142.7
154.0
107.0
220.0
147.0
120.0
109.7
128.0
173.0
150.2
185.0
156.0
143.0
145.3
179.0
130.0
161.0
103.0
177.0
80.0
221.0
143.0
270.0
144.32
88.2
143.0
142.0
135.0
147.0
152.8
158.0
108.1
93.0
135.0
148.0
144.0
132.0
144.7
154.0
198.4
122.0
137.0
115.2
94.3
128.0
150.0
155.1
120.0
125.5
143.2
149.553571428571
180.0
152.6
142.0
160.0
124.0
150.0
196.0
176.0
101.1
214.0
110.6
116.6
91.0
124.9
138.2
102.0
115.0
158.0
111.0
184.0
163.0
155.0
116.0
132.0
182.0
152.0
100.0
113.1
125.6
129.7
168.0
199.0
194.0
113.9
135.2
210.6
162.0
106.4
156.0
117.5
120.0
106.37
146.9
132.9
201.0
120.0
117.021276595744
132.0
131.0
115.3
127.8
130.0
162.0
120.0
120.0
197.0
211.69
153.0
147.0
175.0
163.0
137.6
183.0
192.0
119.0
130.6
230.0
95.0
153.0
88.3
120.8
123.0
177.0
158.1
99.5
127.45
119.918699186991
232.0
127.0
149.0
180.081300813008
198.0
148.0
120.0
120.0
154.0
175.0
160.0
125.36
205.0
203.0
112.0
175.0
175.0
140.3
102.6
96.0
159.0
127.77
143.0
195.0
213.0
125.0
161.0
118.6
191.0
143.2
125.2
197.3
130.0
219.0
111.3
217.0
142.0
162.6
268.0
168.0
121.0
262.0
193.495934959349
114.5
175.0
159.0
156.0
85.2
145.0
105.0
132.0
131.9
104.0
155.0
125.0
141.0
270.0
114.0
103.1
112.0
185.0
168.0
145.0
259.0
248.0
144.0
130.0
140.0
178.0
165.0
142.0
152.0
129.7
208.0
165.0
164.9
118.25
127.4
143.5
158.0
127.9
179.0
114.0
90.0
135.0
120.8
160.0
169.0
139.0
94.67
159.0
223.0
121.0
186.4
168.0
166.0
162.0
162.4
145.0
160.0
87.68
250.0
179.0
121.0
136.9
138.0
90.5
108.0
210.0
158.5
146.0
201.0
125.0
202.0
83.0
118.0
250.0
115.0
162.0
123.0
89.5
152.0
135.0
291.0
135.0
179.0
151.0
95.0
210.0
173.0
154.0
128.0
193.0
210.0
194.0
222.0
94.0
157.0
88.16
136.0
163.0
120.5
104.0
239.0
201.0
115.67
122.0
118.0
187.0
204.0
131.0
200.0
129.0
138.0
249.0
170.0
119.0
110.9
156.0
155.0
155.7
158.0
168.0
167.0
133.0
156.0
112.69
115.7
105.8
165.0
184.0
160.0
188.8
122.0
168.0
132.0
201.4
143.0
166.0
181.0
132.2
187.0
122.33
114.8
157.0
160.0
197.0
92.8
241.0
101.2
167.0
144.2
107.0
201.8
157.3
106.0
156.0
82.0
184.0
160.0
137.2
144.0
