Model,Actual,Predicted,Residual
OLS,34.6806428,30.335000349957173,4.345642450042828
OLS,29.06830816,33.62014796478556,-4.551839804785558
OLS,41.15137506,56.87641068848659,-15.725035628486587
OLS,33.71882378,33.572490970016844,0.14633280998315712
OLS,31.87447548,27.331314886651718,4.543160593348283
OLS,6.280436883999999,16.113187828281152,-9.832750944281152
OLS,12.83804312,13.771207108786665,-0.9331639887866654
OLS,12.17614616,22.409886159072762,-10.233739999072762
OLS,45.69846928,54.7019386896748,-9.0034694096748
OLS,17.959470848,25.402154150422966,-7.442683302422967
OLS,18.91232668,20.429175507432443,-1.5168488274324439
OLS,66.82401392,42.1404219346032,24.683591985396802
OLS,24.10408096,32.52097812792484,-8.41689716792484
OLS,39.38286912,36.271280499342105,3.1115886206578978
OLS,52.446370892,41.91911064222498,10.527260249775019
OLS,37.42475728,31.357675011306494,6.0670822686935075
OLS,31.6469484,27.105571241330733,4.541377158669267
OLS,24.065470304,29.12581546168628,-5.060345157686278
OLS,13.81709904,23.78566966956814,-9.96857062956814
OLS,14.2032056,19.259700318456673,-5.056494718456673
OLS,31.875164956,27.42201070379461,4.45315425220539
OLS,39.41734292,38.57050686976868,0.8468360502313246
OLS,33.70158688,33.54114215791089,0.16044472208911031
OLS,10.3938507,19.61402391605432,-9.220173216054322
OLS,9.131420144,21.00690487590799,-11.875484731907989
OLS,8.536402356,16.921722325817974,-8.385319969817974
OLS,19.00885332,24.149617305936317,-5.140763985936317
OLS,53.95839176,38.4406722096235,15.517719550376498
OLS,11.46598588,16.020408949507367,-4.554423069507367
OLS,38.56239268,31.026722244989383,7.535670435010619
OLS,61.79773388,56.448585317042514,5.349148562957488
OLS,26.91714304,26.449568986468663,0.46757405353133663
OLS,21.917063088,43.74198899538137,-21.82492590738137
OLS,24.046164976,18.579219300431518,5.466945675568482
OLS,40.06200298,29.624724120265746,10.437278859734256
OLS,33.01900564,29.195284556957706,3.8237210830422974
OLS,6.26733684,28.02258099729973,-21.75524415729973
OLS,47.13257936,30.772749933993005,16.359829426006996
OLS,33.0431373,39.25649786272415,-6.213360562724155
OLS,32.051670812,33.75070994630497,-1.699039134304975
OLS,78.80021203999999,44.9349893673857,33.865222672614294
OLS,57.91598399999999,51.30451040794782,6.611473592052171
OLS,39.604880392,31.12548872204973,8.479391669950267
OLS,15.43736764,25.96913106053779,-10.531763420537791
OLS,56.14403068,55.55304750290875,0.5909831770912533
OLS,41.885667,34.370817634860444,7.514849365139554
OLS,6.902344236,24.881001535657003,-17.978657299657
OLS,57.02655996,52.40962796657874,4.616931993421261
OLS,61.45989064,52.71855130668825,8.74133933331175
OLS,26.40003604,27.47028920293441,-1.07025316293441
OLS,64.90037588,59.58507907722739,5.3152968027726075
OLS,49.18514941199999,27.663647889840508,21.52150152215948
OLS,58.78472376,52.66354533157662,6.121178428423377
OLS,4.827710952,19.165953378885053,-14.338242426885053
OLS,63.14221208,39.00392817441833,24.138283905581673
OLS,35.314271244,33.78024214742387,1.534029096576127
OLS,37.25928304,36.61816793613579,0.6411151038642089
OLS,36.4388066,23.859411218132035,12.579395381867965
OLS,39.05192064,30.78868469994301,8.26323594005699
OLS,36.96970312,30.582598985325234,6.387104134674765
OLS,24.90387312,25.344963808905405,-0.4410906889054047
OLS,10.53519328,18.216720676329782,-7.681527396329782
OLS,71.69860924,58.639281829848066,13.05932741015193
OLS,55.94408264,45.71845200545299,10.22563063454701
OLS,18.41590396,15.3394539888791,3.0764499711209012
OLS,47.09810556,51.26609081848328,-4.167985258483277
OLS,72.29845336,58.084438790134065,14.214014569865931
OLS,42.6440906,31.27918250447275,11.364908095527248
OLS,33.27411176,26.894684616508208,6.379427143491789
OLS,67.79617508,55.42975944706441,12.366415632935585
OLS,37.34202016,34.17981462270515,3.162205537294845
OLS,17.236210524,31.398339626166322,-14.162129102166322
OLS,33.94290348,36.57423988550474,-2.63133640550474
OLS,15.691094808,28.6584987330677,-12.967403925067698
OLS,58.99846132,45.159945478664554,13.838515841335443
OLS,44.32641204,40.709696593780976,3.6167154462190254
OLS,20.27748916,26.0300521483723,-5.752562988372301
OLS,50.45930106,28.121934796071095,22.337366263928907
OLS,13.461329424,26.286076991017154,-12.824747567017154
OLS,11.85209244,20.77593782749314,-8.923845387493142
OLS,44.14025352,39.7107336456896,4.429519874310401
OLS,54.598914964,44.25063428754385,10.348280676456149
OLS,10.730314988,20.205944914468866,-9.475629926468866
OLS,74.98740975999999,54.50619934331641,20.48121041668358
OLS,36.3009114,29.243293627258694,7.0576177727413025
OLS,52.1243856,38.203521882379604,13.920863717620392
OLS,13.5654403,26.14742520697984,-12.581984906979839
OLS,50.526869708,44.168196271174736,6.3586734368252635
OLS,39.48629052,34.96449545976034,4.521795060239654
OLS,28.629801424,18.518296375249832,10.111505048750168
OLS,15.340841,28.813508725684486,-13.472667725684486
OLS,26.8550902,27.097731273372183,-0.24264107337218377
OLS,61.92183956,62.74513241788513,-0.8232928578851286
OLS,9.617500724,27.700920302680633,-18.083419578680633
OLS,14.98920824,25.218961276328788,-10.229753036328788
OLS,41.09966436,49.909512696418396,-8.809848336418398
OLS,45.70536404,27.67737790954817,18.02798613045183
OLS,27.234302,30.805523547480796,-3.5712215474807962
OLS,56.8128224,41.885182208304265,14.927640191695737
OLS,39.0932892,33.020010541900085,6.073278658099916
OLS,31.97100212,26.106799867073825,5.864202252926177
OLS,37.79707432,52.14750417264128,-14.350429852641277
OLS,14.638264956,21.454975413077257,-6.8167104570772565
OLS,19.009542796,24.06933930566939,-5.05979650966939
OLS,42.54756396,32.49981885981256,10.047745100187441
OLS,21.53923024,23.944091666707756,-2.4048614267077575
OLS,12.17614616,17.490695237510973,-5.314549077510973
OLS,37.265488324,36.688690841804764,0.5767974821952393
OLS,22.43554904,21.371957592185396,1.0635914478146056
OLS,35.76312012,30.521472010924697,5.241648109075307
OLS,12.5484632,24.15148162065791,-11.60301842065791
OLS,16.49916068,23.11031351271299,-6.6111528327129925
OLS,33.75674496,40.60425175335198,-6.847506793351982
OLS,28.23748958,25.51204281544824,2.7254467645517586
OLS,13.52062436,22.58805470527038,-9.067430345270381
OLS,47.7117392,37.435681294325896,10.2760579056741
OLS,48.9872698,37.62524270618736,11.362027093812642
OLS,6.883728383999999,19.980407448947016,-13.096679064947017
OLS,28.29609504,50.34823905616442,-22.052144016164416
OLS,18.28490352,24.299304456687825,-6.014400936687824
OLS,74.4978818,61.661717027694024,12.836164772305978
OLS,43.377003588,35.06344184647346,8.313561741526541
OLS,33.7153764,33.69349268119605,0.021883718803948682
OLS,32.626693796,38.09027828818474,-5.463584492184744
OLS,2.331807832,11.916622419204373,-9.584814587204374
OLS,55.25460664,55.55304750290875,-0.2984408629087483
OLS,30.275580636,26.842914236819055,3.4326663991809454
OLS,30.57136584,26.291826822357606,4.279539017642392
OLS,39.321505756,36.00047507594408,3.3210306800559195
OLS,45.83636448,36.834841586892516,9.001522893107484
OLS,25.08313688,53.24424047200344,-28.16110359200344
OLS,37.2661778,34.750443343177274,2.5157344568227273
OLS,79.40005615999999,64.7982107878789,14.60184537212109
OLS,31.2677366,28.74796603811049,2.5197705618895085
OLS,24.40055564,47.781240629531,-23.380684989530998
OLS,37.171030112,31.675584557357805,5.495445554642192
OLS,24.84871504,26.95192247796583,-2.103207437965832
OLS,9.694722036,25.3179076630419,-15.6231856270419
OLS,22.89749796,50.86212845697423,-27.964630496974234
OLS,32.401235144,31.966681869015503,0.4345532749844949
OLS,36.443632932,23.886348676381004,12.557284255618995
OLS,10.222171176,15.566365876606891,-5.3441947006068915
OLS,30.84715624,33.94647916821668,-3.099322928216683
OLS,31.53663224,26.83823240299994,4.698399837000061
OLS,45.3675208,35.74500935046498,9.622511449535018
OLS,14.39625888,21.97913154974872,-7.582872669748719
OLS,30.14389072,30.709808332134582,-0.5659176121345801
OLS,29.93015316,25.877858345047926,4.052294814952074
OLS,44.868340176,28.307440345023863,16.560899830976133
OLS,67.11359384,72.82671950419363,-5.71312566419364
OLS,29.7853632,54.075736485546,-24.290373285546004
OLS,33.3016908,37.080205410442986,-3.7785146104429828
OLS,42.919881,37.42859476867449,5.491286231325503
OLS,25.3727168,28.129079781874825,-2.756362981874826
OLS,21.859147104,36.904127542585506,-15.044980438585505
OLS,29.21999288,26.58611052687606,2.6338823531239406
OLS,56.8472962,39.72744369787917,17.119852502120835
OLS,25.17966352,22.52896999438685,2.65069352561315
OLS,32.9569528,33.69227387368146,-0.7353210736814546
OLS,33.0603742,25.706004617844744,7.354369582155254
OLS,16.503987012,23.118612003044028,-6.614624991044028
OLS,32.83974188,33.696010469181736,-0.8562685891817381
OLS,47.8151606,38.256465128003406,9.558695471996593
OLS,21.179323768,24.80223959120561,-3.6229158232056093
OLS,55.49592324,53.873469503524845,1.6224537364751583
OLS,26.233182848,31.704899599175324,-5.471716751175325
OLS,54.09628696,50.35758323358766,3.7387037264123393
OLS,29.41304616,30.363789222733068,-0.9507430627330677
OLS,23.696600644,27.078035241757462,-3.381434597757462
OLS,13.33446584,26.89688580465934,-13.562419964659341
OLS,35.2322236,33.377757255129374,1.8544663448706231
OLS,43.698299404,68.09094457904493,-24.392645175044933
OLS,52.20022796,35.30417844943863,16.89604951056137
OLS,71.29871315999999,53.21449877711289,18.084214382887104
OLS,21.50475644,27.179719158018052,-5.674962718018051
OLS,36.3009114,53.648144459734596,-17.3472330597346
OLS,25.17966352,22.104702799106974,3.0749607208930243
OLS,53.524711356,39.63867249527933,13.886038860720667
OLS,61.85584685418796,54.44100416813268,7.41484268605528
OLS,37.404073,29.69732666196726,7.706746338032737
OLS,14.596896396,18.76338442646425,-4.166488030464249
OLS,67.69964844,50.58168148683892,17.117966953161087
OLS,56.3991368,62.06416045521854,-5.6650236552185405
OLS,18.033934256,22.04831991018453,-4.014385654184533
OLS,49.24927068,30.159921573995714,19.08934910600429
OLS,40.59634688,58.861276170386105,-18.264929290386107
OLS,48.97348028,43.3080746890636,5.665405590936395
OLS,14.58931216,23.159672495309586,-8.570360335309585
OLS,8.204074924,15.118295339437623,-6.914220415437622
OLS,72.99482412,53.71817524702378,19.276648872976224
OLS,36.349864196,39.62943412516245,-3.2795699291624487
OLS,33.72916592,33.270260143873536,0.4589057761264641
OLS,36.44570136,41.52867648189661,-5.0829751218966095
OLS,8.06342182,22.71160195814032,-14.64818013814032
OLS,74.3649114581204,54.45191614234584,19.912995315774566
OLS,15.52010476,31.019471681949543,-15.499366921949543
OLS,12.05204048,14.640612223627194,-2.5885717436271936
OLS,8.48744956,22.86416968775888,-14.376720127758881
OLS,29.54897143054136,48.5040695506399,-18.955098120098537
OLS,51.0556978,42.01174883726349,9.043948962736508
OLS,36.804918356,34.35351985436277,2.451398501637229
Elastic Net,34.6806428,30.386098387590184,4.294544412409817
Elastic Net,29.06830816,33.792883530388075,-4.724575370388074
Elastic Net,41.15137506,56.93634497566197,-15.784969915661968
Elastic Net,33.71882378,33.60806035270301,0.11076342729698752
Elastic Net,31.87447548,27.510911502326948,4.363563977673053
Elastic Net,6.280436883999999,16.215542361965532,-9.935105477965532
Elastic Net,12.83804312,14.080362741964475,-1.2423196219644748
Elastic Net,12.17614616,22.30656686020199,-10.13042070020199
Elastic Net,45.69846928,54.68899263952227,-8.990523359522271
Elastic Net,17.959470848,25.975292615062678,-8.015821767062679
Elastic Net,18.91232668,20.668394777130544,-1.7560680971305445
Elastic Net,66.82401392,42.08568848314744,24.738325436852556
Elastic Net,24.10408096,32.68589040599158,-8.581809445991578
Elastic Net,39.38286912,36.064495331441506,3.318373788558496
Elastic Net,52.446370892,42.056510604802256,10.389860287197742
Elastic Net,37.42475728,31.49318581696298,5.93157146303702
Elastic Net,31.6469484,27.348216161058144,4.298732238941856
Elastic Net,24.065470304,29.278125140692822,-5.2126548366928205
Elastic Net,13.81709904,23.56172220631366,-9.74462316631366
Elastic Net,14.2032056,19.423908244428322,-5.2207026444283215
Elastic Net,31.875164956,27.607064006114136,4.268100949885863
Elastic Net,39.41734292,38.73446558874176,0.6828773312582399
Elastic Net,33.70158688,33.56551221075273,0.13607466924727163
Elastic Net,10.3938507,19.713589907424442,-9.319739207424442
Elastic Net,9.131420144,20.985324076303304,-11.853903932303304
Elastic Net,8.536402356,17.140208390362822,-8.603806034362822
Elastic Net,19.00885332,24.478265787877184,-5.469412467877184
Elastic Net,53.95839176,38.62075688218575,15.337634877814246
Elastic Net,11.46598588,16.3100390958568,-4.8440532158568015
Elastic Net,38.56239268,31.046514217769044,7.515878462230958
Elastic Net,61.79773388,56.39350970415367,5.4042241758463305
Elastic Net,26.91714304,26.669648073122367,0.24749496687763184
Elastic Net,21.917063088,43.30217597848756,-21.385112890487562
Elastic Net,24.046164976,18.759548235851465,5.286616740148535
Elastic Net,40.06200298,29.669184936389644,10.392818043610358
Elastic Net,33.01900564,29.437926800047187,3.5810788399528164
Elastic Net,6.26733684,28.443113818809604,-22.175776978809605
Elastic Net,47.13257936,30.652171370350207,16.480407989649795
Elastic Net,33.0431373,39.05771576542781,-6.01457846542781
Elastic Net,32.051670812,33.63923177110591,-1.5875609591059145
Elastic Net,78.80021203999999,45.11822477166112,33.68198726833887
Elastic Net,57.91598399999999,50.761475087988025,7.154508912011963
Elastic Net,39.604880392,31.338148738337136,8.266731653662863
Elastic Net,15.43736764,25.92353422010809,-10.486166580108089
Elastic Net,56.14403068,55.520003091560696,0.6240275884393043
Elastic Net,41.885667,34.28246385578752,7.603203144212479
Elastic Net,6.902344236,24.91782500363951,-18.01548076763951
Elastic Net,57.02655996,52.40406061502836,4.622499344971644
Elastic Net,61.45989064,52.27507081255655,9.184819827443448
Elastic Net,26.40003604,27.483846294052057,-1.0838102540520573
Elastic Net,64.90037588,59.50246998780746,5.39790589219254
Elastic Net,49.18514941199999,27.97612988837957,21.209019523620416
Elastic Net,58.78472376,52.253786653016746,6.530937106983252
Elastic Net,4.827710952,19.26945272404533,-14.44174177204533
Elastic Net,63.14221208,38.976728199493664,24.165483880506336
Elastic Net,35.314271244,33.745208555306014,1.5690626886939825
Elastic Net,37.25928304,36.81208828836121,0.44719475163878997
Elastic Net,36.4388066,23.994291175675528,12.444515424324472
Elastic Net,39.05192064,31.15971285153683,7.892207788463168
Elastic Net,36.96970312,30.41414973757885,6.555553382421149
Elastic Net,24.90387312,25.260437966858298,-0.3565648468582978
Elastic Net,10.53519328,18.300250544242566,-7.765057264242566
Elastic Net,71.69860924,58.23129905116265,13.467310188837345
Elastic Net,55.94408264,45.36966031064051,10.574422329359486
Elastic Net,18.41590396,15.634842883791364,2.781061076208637
Elastic Net,47.09810556,51.42830079029552,-4.330195230295523
Elastic Net,72.29845336,57.636162081413374,14.662291278586622
Elastic Net,42.6440906,31.406252845098024,11.237837754901975
Elastic Net,33.27411176,26.609055007848966,6.665056752151031
Elastic Net,67.79617508,55.06636027229396,12.729814807706035
Elastic Net,37.34202016,33.99287122863163,3.3491489313683687
Elastic Net,17.236210524,31.307511558365576,-14.071301034365575
Elastic Net,33.94290348,36.53640752721534,-2.5935040472153403
Elastic Net,15.691094808,28.611382138345213,-12.920287330345213
Elastic Net,58.99846132,45.591647428824125,13.406813891175872
Elastic Net,44.32641204,40.80601648560471,3.520395554395293
Elastic Net,20.27748916,26.150117144004277,-5.8726279840042785
Elastic Net,50.45930106,28.47862475332238,21.980676306677623
Elastic Net,13.461329424,26.923052426994488,-13.461723002994487
Elastic Net,11.85209244,20.82168617443569,-8.96959373443569
Elastic Net,44.14025352,39.645367810869125,4.494885709130877
Elastic Net,54.598914964,44.17798924956482,10.420925714435185
Elastic Net,10.730314988,20.746303877547067,-10.015988889547067
Elastic Net,74.98740975999999,54.275359346293556,20.712050413706436
Elastic Net,36.3009114,28.920673634131113,7.380237765868884
Elastic Net,52.1243856,38.4717113793524,13.652674220647597
Elastic Net,13.5654403,26.28098843572221,-12.71554813572221
Elastic Net,50.526869708,44.08219436508535,6.44467534291465
Elastic Net,39.48629052,34.66061900992887,4.825671510071125
Elastic Net,28.629801424,18.485014453537048,10.144786970462953
Elastic Net,15.340841,28.89100500877403,-13.550164008774031
Elastic Net,26.8550902,27.269420809863895,-0.4143306098638959
Elastic Net,61.92183956,62.24687327904676,-0.3250337190467576
Elastic Net,9.617500724,27.561432341596298,-17.9439316175963
Elastic Net,14.98920824,25.000635271433183,-10.011427031433183
Elastic Net,41.09966436,49.7719561101681,-8.6722917501681
Elastic Net,45.70536404,27.587774634262374,18.117589405737625
Elastic Net,27.234302,30.952455014926304,-3.7181530149263047
Elastic Net,56.8128224,41.72025446926757,15.092567930732429
Elastic Net,39.0932892,33.1556619852054,5.9376272147946025
Elastic Net,31.97100212,25.81171335047733,6.1592887695226715
Elastic Net,37.79707432,51.75134440164014,-13.95427008164014
Elastic Net,14.638264956,21.429461259682416,-6.7911963036824154
Elastic Net,19.009542796,24.40037245008207,-5.390829654082069
Elastic Net,42.54756396,32.37827816656892,10.16928579343108
Elastic Net,21.53923024,23.84472509584529,-2.305494855845293
Elastic Net,12.17614616,17.89577991383813,-5.71963375383813
Elastic Net,37.265488324,36.87400070974538,0.391487614254622
Elastic Net,22.43554904,21.57098885460703,0.8645601853929712
Elastic Net,35.76312012,30.481669912931373,5.28145020706863
Elastic Net,12.5484632,24.208623249964646,-11.660160049964645
Elastic Net,16.49916068,23.251450854111795,-6.7522901741117956
Elastic Net,33.75674496,40.7346921044484,-6.9779471444484
Elastic Net,28.23748958,25.019249951475715,3.218239628524284
Elastic Net,13.52062436,22.726183055887663,-9.205558695887664
Elastic Net,47.7117392,37.42224805766677,10.289491142333226
Elastic Net,48.9872698,37.401402869501624,11.585866930498376
Elastic Net,6.883728383999999,20.052079830485077,-13.168351446485078
Elastic Net,28.29609504,49.985543621966464,-21.689448581966463
Elastic Net,18.28490352,24.66885435713681,-6.383950837136808
Elastic Net,74.4978818,61.61524515455329,12.88263664544671
Elastic Net,43.377003588,34.999771302665515,8.377232285334486
Elastic Net,33.7153764,33.73155863291637,-0.01618223291637122
Elastic Net,32.626693796,37.778998569639135,-5.152304773639138
Elastic Net,2.331807832,12.068598453658936,-9.736790621658937
Elastic Net,55.25460664,55.520003091560696,-0.26539645156069724
Elastic Net,30.275580636,27.10620658730685,3.1693740486931503
Elastic Net,30.57136584,26.42079503694673,4.15057080305327
Elastic Net,39.321505756,35.88767313165791,3.433832624342088
Elastic Net,45.83636448,36.69386091705155,9.142503562948448
Elastic Net,25.08313688,53.22723513727551,-28.144098257275505
Elastic Net,37.2661778,34.77582268854726,2.490355111452743
Elastic Net,79.40005615999999,64.72420543820708,14.675850721792912
Elastic Net,31.2677366,28.692008113895866,2.5757284861041327
Elastic Net,24.40055564,47.64857348100119,-23.248017841001193
Elastic Net,37.171030112,31.777022633868476,5.39400747813152
Elastic Net,24.84871504,26.984480646084094,-2.135765606084096
Elastic Net,9.694722036,25.339787564169832,-15.645065528169832
Elastic Net,22.89749796,50.62353676394049,-27.726038803940494
Elastic Net,32.401235144,32.02320958768823,0.37802555631176915
Elastic Net,36.443632932,24.01445772639942,12.429175205600579
Elastic Net,10.222171176,15.814296982694447,-5.5921258066944475
Elastic Net,30.84715624,33.88398686241098,-3.036830622410978
Elastic Net,31.53663224,26.653928296328033,4.882703943671967
Elastic Net,45.3675208,35.61755281499207,9.749967985007935
Elastic Net,14.39625888,21.76004830833008,-7.363789428330081
Elastic Net,30.14389072,30.815283723782343,-0.6713930037823417
Elastic Net,29.93015316,25.750709312098174,4.179443847901826
Elastic Net,44.868340176,28.599808524452715,16.26853165154728
Elastic Net,67.11359384,72.23995990507677,-5.12636606507678
Elastic Net,29.7853632,54.006633800852214,-24.221270600852215
Elastic Net,33.3016908,37.00870211353557,-3.707011313535567
Elastic Net,42.919881,37.26378718373915,5.656093816260849
Elastic Net,25.3727168,28.071454586522133,-2.698737786522134
Elastic Net,21.859147104,36.72599555268747,-14.86684844868747
Elastic Net,29.21999288,26.33757960243311,2.88241327756689
Elastic Net,56.8472962,39.6690191574985,17.178277042501506
Elastic Net,25.17966352,22.88783394403935,2.291829575960648
Elastic Net,32.9569528,33.7723703036647,-0.8154175036646976
Elastic Net,33.0603742,25.5918514711611,7.468522728838899
Elastic Net,16.503987012,23.256061414502245,-6.752074402502245
Elastic Net,32.83974188,33.66513219353943,-0.8253903135394296
Elastic Net,47.8151606,38.18979167663472,9.62536892336528
Elastic Net,21.179323768,24.998468757394072,-3.819144989394072
Elastic Net,55.49592324,53.530498078826525,1.9654251611734779
Elastic Net,26.233182848,31.768794977715523,-5.535612129715524
Elastic Net,54.09628696,50.21609329354721,3.88019366645279
Elastic Net,29.41304616,30.261723184448353,-0.848677024448353
Elastic Net,23.696600644,27.1441029975254,-3.447502353525401
Elastic Net,13.33446584,26.850077332229574,-13.515611492229574
Elastic Net,35.2322236,33.193798099515185,2.038425500484813
Elastic Net,43.698299404,68.11272166209439,-24.41442225809439
Elastic Net,52.20022796,35.511796598531966,16.688431361468034
Elastic Net,71.29871315999999,52.95525697668083,18.343456183319162
Elastic Net,21.50475644,27.137527972068973,-5.632771532068972
Elastic Net,36.3009114,53.61765230803422,-17.316740908034227
Elastic Net,25.17966352,22.260827369172286,2.918836150827712
Elastic Net,53.524711356,39.60133160457777,13.923379751422225
Elastic Net,61.85584685418796,53.870435371641804,7.985411482546155
Elastic Net,37.404073,29.625934728349026,7.77813827165097
Elastic Net,14.596896396,19.020719683663554,-4.423823287663554
Elastic Net,67.69964844,50.42443087712064,17.275217562879362
Elastic Net,56.3991368,62.165796953509414,-5.766660153509413
Elastic Net,18.033934256,22.534860659272326,-4.500926403272327
Elastic Net,49.24927068,29.889590080595283,19.35968059940472
Elastic Net,40.59634688,58.839387758433844,-18.243040878433845
Elastic Net,48.97348028,43.060992752364015,5.912487527635982
Elastic Net,14.58931216,22.68752973873538,-8.098217578735378
Elastic Net,8.204074924,15.370159799315335,-7.166084875315335
Elastic Net,72.99482412,53.53339116077443,19.461432959225576
Elastic Net,36.349864196,39.948400126155846,-3.5985359301558475
Elastic Net,33.72916592,33.269984022035835,0.4591818979641644
Elastic Net,36.44570136,41.71026486540959,-5.2645635054095905
Elastic Net,8.06342182,22.243392555356266,-14.179970735356266
Elastic Net,74.3649114581204,54.52528258016282,19.83962887795758
Elastic Net,15.52010476,30.949927772324106,-15.429823012324105
Elastic Net,12.05204048,14.937468854792073,-2.885428374792072
Elastic Net,8.48744956,22.627235936047818,-14.139786376047818
Elastic Net,29.54897143054136,47.985617691868576,-18.436646261327216
Elastic Net,51.0556978,41.878456163235,9.177241636764997
Elastic Net,36.804918356,34.69731679000158,2.107601565998422
Bayesian Ridge,34.6806428,30.377596682903917,4.303046117096084
Bayesian Ridge,29.06830816,33.76202362126267,-4.69371546126267
Bayesian Ridge,41.15137506,56.911474230859,-15.760099170859
Bayesian Ridge,33.71882378,33.58976099842803,0.12906278157197448
Bayesian Ridge,31.87447548,27.49157396350561,4.3829015164943925
Bayesian Ridge,6.280436883999999,16.20010493922128,-9.91966805522128
Bayesian Ridge,12.83804312,14.038830368917822,-1.2007872489178215
Bayesian Ridge,12.17614616,22.337887348990282,-10.161741188990282
Bayesian Ridge,45.69846928,54.70822944875431,-9.009760168754312
Bayesian Ridge,17.959470848,25.90886860162124,-7.949397753621241
Bayesian Ridge,18.91232668,20.638955914335455,-1.726629234335455
Bayesian Ridge,66.82401392,42.112851655225214,24.711162264774785
Bayesian Ridge,24.10408096,32.665306814885334,-8.561225854885333
Bayesian Ridge,39.38286912,36.10156995790823,3.28129916209177
Bayesian Ridge,52.446370892,42.033515043397195,10.412855848602803
Bayesian Ridge,37.42475728,31.46686558103833,5.957891698961671
Bayesian Ridge,31.6469484,27.30959344549585,4.33735495450415
Bayesian Ridge,24.065470304,29.249271001120334,-5.183800697120333
Bayesian Ridge,13.81709904,23.604567535216567,-9.787468495216567
Bayesian Ridge,14.2032056,19.408877597589893,-5.205671997589892
Bayesian Ridge,31.875164956,27.586908425890275,4.288256530109724
Bayesian Ridge,39.41734292,38.70258604532762,0.714756874672382
Bayesian Ridge,33.70158688,33.56940731339977,0.13217956660022878
Bayesian Ridge,10.3938507,19.6997520735473,-9.305901373547302
Bayesian Ridge,9.131420144,20.99100827408791,-11.85958813008791
Bayesian Ridge,8.536402356,17.11972593359569,-8.583323577595689
Bayesian Ridge,19.00885332,24.44667429161791,-5.43782097161791
Bayesian Ridge,53.95839176,38.592203848333426,15.366187911666572
Bayesian Ridge,11.46598588,16.279149507223504,-4.8131636272235045
Bayesian Ridge,38.56239268,31.062738762538075,7.499653917461927
Bayesian Ridge,61.79773388,56.41351214406154,5.3842217359384605
Bayesian Ridge,26.91714304,26.635363266784307,0.2817797732156926
Bayesian Ridge,21.917063088,43.34875214023745,-21.431689052237452
Bayesian Ridge,24.046164976,18.73500056209615,5.31116441390385
Bayesian Ridge,40.06200298,29.65076365333779,10.411239326662212
Bayesian Ridge,33.01900564,29.387430302664036,3.631575337335967
Bayesian Ridge,6.26733684,28.361360417729053,-22.094023577729054
Bayesian Ridge,47.13257936,30.6931820953588,16.4393972646412
Bayesian Ridge,33.0431373,39.074673772631265,-6.031536472631267
Bayesian Ridge,32.051670812,33.650426843178735,-1.5987560311787377
Bayesian Ridge,78.80021203999999,45.097767360887076,33.702444679112915
Bayesian Ridge,57.91598399999999,50.8094340709405,7.10654992905949
Bayesian Ridge,39.604880392,31.29040205003024,8.314478341969757
Bayesian Ridge,15.43736764,25.940241638877826,-10.502873998877826
Bayesian Ridge,56.14403068,55.51426938941182,0.6297612905881778
Bayesian Ridge,41.885667,34.30814406607996,7.5775229339200365
Bayesian Ridge,6.902344236,24.907717555477994,-18.005373319477993
Bayesian Ridge,57.02655996,52.39411647191207,4.6324434880879295
Bayesian Ridge,61.45989064,52.34089718744274,9.118993452557255
Bayesian Ridge,26.40003604,27.49613241725229,-1.096096377252291
Bayesian Ridge,64.90037588,59.526610512940564,5.373765367059434
Bayesian Ridge,49.18514941199999,27.923292152393827,21.26185725960616
Bayesian Ridge,58.78472376,52.30935882879707,6.475364931202925
Bayesian Ridge,4.827710952,19.255023735136014,-14.427312783136014
Bayesian Ridge,63.14221208,38.99975328634619,24.14245879365381
Bayesian Ridge,35.314271244,33.74611240128159,1.568158842718404
Bayesian Ridge,37.25928304,36.77375331019969,0.4855297298003123
Bayesian Ridge,36.4388066,23.977117081579344,12.461689518420656
Bayesian Ridge,39.05192064,31.11153262098061,7.940388019019387
Bayesian Ridge,36.96970312,30.44869824194191,6.52100487805809
Bayesian Ridge,24.90387312,25.28507001720498,-0.38119689720497973
Bayesian Ridge,10.53519328,18.287768537327462,-7.752575257327463
Bayesian Ridge,71.69860924,58.28807036104027,13.410538878959727
Bayesian Ridge,55.94408264,45.4160695834221,10.528013056577898
Bayesian Ridge,18.41590396,15.595379553357333,2.8205244066426687
Bayesian Ridge,47.09810556,51.42167074710401,-4.323565187104009
Bayesian Ridge,72.29845336,57.69160356543365,14.606849794566344
Bayesian Ridge,42.6440906,31.374940915804753,11.269149684195245
Bayesian Ridge,33.27411176,26.667023007897374,6.607088752102623
Bayesian Ridge,67.79617508,55.122998944208454,12.673176135791543
Bayesian Ridge,37.34202016,34.03574312710433,3.3062770328956645
Bayesian Ridge,17.236210524,31.31560306651947,-14.079392542519468
Bayesian Ridge,33.94290348,36.55522348501874,-2.612320005018745
Bayesian Ridge,15.691094808,28.61654818373918,-12.92545337573918
Bayesian Ridge,58.99846132,45.52192109369827,13.47654022630173
Bayesian Ridge,44.32641204,40.79717457862355,3.5292374613764537
Bayesian Ridge,20.27748916,26.13114810253993,-5.8536589425399335
Bayesian Ridge,50.45930106,28.417675715843416,22.041625344156586
Bayesian Ridge,13.461329424,26.843520078831283,-13.382190654831282
Bayesian Ridge,11.85209244,20.81939050269441,-8.967298062694411
Bayesian Ridge,44.14025352,39.668321853897766,4.471931666102236
Bayesian Ridge,54.598914964,44.171913033728764,10.427001930271238
Bayesian Ridge,10.730314988,20.658156789020026,-9.927841801020026
Bayesian Ridge,74.98740975999999,54.26946626665171,20.71794349334828
Bayesian Ridge,36.3009114,28.9788408975773,7.322070502422697
Bayesian Ridge,52.1243856,38.42406333009742,13.700322269902578
Bayesian Ridge,13.5654403,26.252093380741904,-12.686653080741904
Bayesian Ridge,50.526869708,44.0754746788874,6.4513950291125965
Bayesian Ridge,39.48629052,34.714576421474455,4.771714098525543
Bayesian Ridge,28.629801424,18.50218302001596,10.127618403984041
Bayesian Ridge,15.340841,28.897195593732903,-13.556354593732904
Bayesian Ridge,26.8550902,27.256018333461437,-0.40092813346143785
Bayesian Ridge,61.92183956,62.31574644305108,-0.39390688305108057
Bayesian Ridge,9.617500724,27.58354673800504,-17.96604601400504
Bayesian Ridge,14.98920824,25.041735061028916,-10.052526821028916
Bayesian Ridge,41.09966436,49.790788530230124,-8.691124170230125
Bayesian Ridge,45.70536404,27.624611884638522,18.080752155361477
Bayesian Ridge,27.234302,30.927634892513275,-3.6933328925132756
Bayesian Ridge,56.8128224,41.742684334830486,15.070138065169516
Bayesian Ridge,39.0932892,33.126551437525904,5.9667377624740965
Bayesian Ridge,31.97100212,25.865742528698277,6.105259591301724
Bayesian Ridge,37.79707432,51.79895308148407,-14.001878761484072
Bayesian Ridge,14.638264956,21.4357366124992,-6.797471656499198
Bayesian Ridge,19.009542796,24.368449195070678,-5.358906399070676
Bayesian Ridge,42.54756396,32.41011130190773,10.137452658092265
Bayesian Ridge,21.53923024,23.86543984070188,-2.3262096007018833
Bayesian Ridge,12.17614616,17.847658611706734,-5.671512451706734
Bayesian Ridge,37.265488324,36.83865011180935,0.42683821219065265
Bayesian Ridge,22.43554904,21.551033312516516,0.8845157274834854
Bayesian Ridge,35.76312012,30.492231863139946,5.270888256860058
Bayesian Ridge,12.5484632,24.2203259501051,-11.671862750105099
Bayesian Ridge,16.49916068,23.24367951856899,-6.74451883856899
Bayesian Ridge,33.75674496,40.72051086123987,-6.963765901239874
Bayesian Ridge,28.23748958,25.10982100705592,3.127668572944078
Bayesian Ridge,13.52062436,22.70259640363666,-9.181972043636662
Bayesian Ridge,47.7117392,37.44320410190668,10.268535098093317
Bayesian Ridge,48.9872698,37.44098674243247,11.546283057567528
Bayesian Ridge,6.883728383999999,20.03821529803965,-13.15448691403965
Bayesian Ridge,28.29609504,50.04009492014316,-21.74399988014316
Bayesian Ridge,18.28490352,24.637083619885868,-6.352180099885867
Bayesian Ridge,74.4978818,61.637182273934414,12.860699526065588
Bayesian Ridge,43.377003588,35.00095886715495,8.376044720845051
Bayesian Ridge,33.7153764,33.71263666725749,0.002739732742504941
Bayesian Ridge,32.626693796,37.81659770458981,-5.189903908589812
Bayesian Ridge,2.331807832,12.05275426549154,-9.720946433491541
Bayesian Ridge,55.25460664,55.51426938941182,-0.25966274941182377
Bayesian Ridge,30.275580636,27.05260652600477,3.2229741099952314
Bayesian Ridge,30.57136584,26.40339943767961,4.167966402320388
Bayesian Ridge,39.321505756,35.88798956869686,3.433516187303141
Bayesian Ridge,45.83636448,36.724903845351584,9.111460634648417
Bayesian Ridge,25.08313688,53.23399246640745,-28.15085558640745
Bayesian Ridge,37.2661778,34.78984607768248,2.476331722317518
Bayesian Ridge,79.40005615999999,64.75028064281344,14.649775517186555
Bayesian Ridge,31.2677366,28.7141394603633,2.5535971396367003
Bayesian Ridge,24.40055564,47.67246571493906,-23.271910074939058
Bayesian Ridge,37.171030112,31.763651008833275,5.407379103166722
Bayesian Ridge,24.84871504,26.999878065175654,-2.1511630251756557
Bayesian Ridge,9.694722036,25.328117506709418,-15.633395470709418
Bayesian Ridge,22.89749796,50.65997518935937,-27.762477229359373
Bayesian Ridge,32.401235144,32.01300119191142,0.3882339520885765
Bayesian Ridge,36.443632932,23.999638661164195,12.443994270835805
Bayesian Ridge,10.222171176,15.77404133593308,-5.551870159933081
Bayesian Ridge,30.84715624,33.911155353239415,-3.063999113239415
Bayesian Ridge,31.53663224,26.693124613762333,4.843507626237667
Bayesian Ridge,45.3675208,35.64491699548008,9.72260380451992
Bayesian Ridge,14.39625888,21.7850677096486,-7.388808829648601
Bayesian Ridge,30.14389072,30.79084616597039,-0.6469554459703879
Bayesian Ridge,29.93015316,25.779050688623375,4.151102471376625
Bayesian Ridge,44.868340176,28.555198831306754,16.313141344693243
Bayesian Ridge,67.11359384,72.32213405730508,-5.208540217305085
Bayesian Ridge,29.7853632,54.02169047261019,-24.23632727261019
Bayesian Ridge,33.3016908,36.992745947642405,-3.691055147642402
Bayesian Ridge,42.919881,37.30212302443191,5.6177579755680895
Bayesian Ridge,25.3727168,28.0974046744627,-2.7246878744627026
Bayesian Ridge,21.859147104,36.739849995971994,-14.880702891971993
Bayesian Ridge,29.21999288,26.384119650287122,2.8358732297128775
Bayesian Ridge,56.8472962,39.68529656583713,17.161999634162875
Bayesian Ridge,25.17966352,22.835462907909033,2.3442006120909653
Bayesian Ridge,32.9569528,33.774400661977,-0.8174478619769943
Bayesian Ridge,33.0603742,25.607620500751615,7.452753699248383
Bayesian Ridge,16.503987012,23.249217543321333,-6.745230531321333
Bayesian Ridge,32.83974188,33.66456158697635,-0.8248197069763492
Bayesian Ridge,47.8151606,38.21060630681638,9.604554293183618
Bayesian Ridge,21.179323768,24.96922536801513,-3.7899016000151313
Bayesian Ridge,55.49592324,53.58418500087669,1.9117382391233164
Bayesian Ridge,26.233182848,31.75088466940226,-5.517701821402262
Bayesian Ridge,54.09628696,50.23551686864141,3.8607700913585887
Bayesian Ridge,29.41304616,30.264169139014445,-0.8511229790144448
Bayesian Ridge,23.696600644,27.129224011147755,-3.4326233671477553
Bayesian Ridge,13.33446584,26.87440174383166,-13.539935903831658
Bayesian Ridge,35.2322236,33.227766141129266,2.004457458870732
Bayesian Ridge,43.698299404,68.0917517224391,-24.393452318439103
Bayesian Ridge,52.20022796,35.479105479454404,16.721122480545596
Bayesian Ridge,71.29871315999999,52.994798966018635,18.303914193981356
Bayesian Ridge,21.50475644,27.157590275923788,-5.652833835923786
Bayesian Ridge,36.3009114,53.63396002899099,-17.333048628990994
Bayesian Ridge,25.17966352,22.237912348910577,2.9417511710894217
Bayesian Ridge,53.524711356,39.58744704146368,13.937264314536314
Bayesian Ridge,61.85584685418796,53.92253243981952,7.933314414368439
Bayesian Ridge,37.404073,29.653953858902213,7.750119141097784
Bayesian Ridge,14.596896396,18.97650621466599,-4.379609818665989
Bayesian Ridge,67.69964844,50.452017830009616,17.247630609990388
Bayesian Ridge,56.3991368,62.17377506088932,-5.7746382608893185
Bayesian Ridge,18.033934256,22.475883035445527,-4.441948779445529
Bayesian Ridge,49.24927068,29.942769361872895,19.306501318127108
Bayesian Ridge,40.59634688,58.857630158863856,-18.261283278863857
Bayesian Ridge,48.97348028,43.105421463787486,5.8680588162125105
Bayesian Ridge,14.58931216,22.77499723039665,-8.18568507039665
Bayesian Ridge,8.204074924,15.329312997521793,-7.125238073521793
Bayesian Ridge,72.99482412,53.56511619888864,19.429707921111365
Bayesian Ridge,36.349864196,39.90922803153152,-3.5593638355315207
Bayesian Ridge,33.72916592,33.27404644313407,0.45511947686593146
Bayesian Ridge,36.44570136,41.67520450520432,-5.229503145204319
Bayesian Ridge,8.06342182,22.330268891985362,-14.266847071985362
Bayesian Ridge,74.3649114581204,54.47692911230281,19.88798234581759
Bayesian Ridge,15.52010476,30.95802212835673,-15.43791736835673
Bayesian Ridge,12.05204048,14.907741020161552,-2.8557005401615516
Bayesian Ridge,8.48744956,22.672523821765743,-14.185074261765743
Bayesian Ridge,29.54897143054136,48.02988195586994,-18.48091052532858
Bayesian Ridge,51.0556978,41.91626544464262,9.139432355357378
Bayesian Ridge,36.804918356,34.63843336747024,2.16648498852976
Polynomial Ridge,34.6806428,35.55561225779634,-0.8749694577963396
Polynomial Ridge,29.06830816,33.03758734801002,-3.96927918801002
Polynomial Ridge,41.15137506,38.73464069011358,2.41673436988642
Polynomial Ridge,33.71882378,40.919574060513185,-7.2007502805131836
Polynomial Ridge,31.87447548,28.356587683081365,3.517887796918636
Polynomial Ridge,6.280436883999999,6.879402434206391,-0.5989655502063913
Polynomial Ridge,12.83804312,12.060095774483884,0.7779473455161163
Polynomial Ridge,12.17614616,13.460214317605832,-1.284068157605832
Polynomial Ridge,45.69846928,34.059110029418164,11.639359250581833
Polynomial Ridge,17.959470848,18.643640510078725,-0.6841696620787268
Polynomial Ridge,18.91232668,16.996919164372006,1.9154075156279937
Polynomial Ridge,66.82401392,58.054579196723836,8.769434723276163
Polynomial Ridge,24.10408096,22.36388271657743,1.7401982434225722
Polynomial Ridge,39.38286912,40.8682709004729,-1.4854017804728983
Polynomial Ridge,52.446370892,48.30208437099178,4.144286521008219
Polynomial Ridge,37.42475728,34.134858124880964,3.2898991551190377
Polynomial Ridge,31.6469484,29.94626345184885,1.7006849481511495
Polynomial Ridge,24.065470304,25.918183360182873,-1.8527130561828713
Polynomial Ridge,13.81709904,15.435198831500568,-1.6180997915005673
Polynomial Ridge,14.2032056,15.136071247881617,-0.9328656478816164
Polynomial Ridge,31.875164956,28.306248458600976,3.568916497399023
Polynomial Ridge,39.41734292,42.180965359309425,-2.7636224393094224
Polynomial Ridge,33.70158688,29.400140469538464,4.301446410461537
Polynomial Ridge,10.3938507,14.379399957043859,-3.985549257043859
Polynomial Ridge,9.131420144,13.307650110054041,-4.176229966054041
Polynomial Ridge,8.536402356,11.285073478231666,-2.7486711222316664
Polynomial Ridge,19.00885332,25.358895023307177,-6.350041703307177
Polynomial Ridge,53.95839176,51.73987357666333,2.21851818333667
Polynomial Ridge,11.46598588,12.070403788684366,-0.6044179086843666
Polynomial Ridge,38.56239268,41.29512656145616,-2.7327338814561557
Polynomial Ridge,61.79773388,58.71397244429848,3.0837614357015255
Polynomial Ridge,26.91714304,24.147301863508417,2.769841176491582
Polynomial Ridge,21.917063088,24.930400702683215,-3.0133376146832163
Polynomial Ridge,24.046164976,23.615792157720605,0.43037281827939466
Polynomial Ridge,40.06200298,37.48543675309992,2.576566226900084
Polynomial Ridge,33.01900564,34.616917810411195,-1.5979121704111918
Polynomial Ridge,6.26733684,23.60540247759733,-17.33806563759733
Polynomial Ridge,47.13257936,43.251097129423314,3.8814822305766867
Polynomial Ridge,33.0431373,33.91331915569734,-0.8701818556973393
Polynomial Ridge,32.051670812,29.7472261844203,2.3044446275796986
Polynomial Ridge,78.80021203999999,54.948700986497144,23.851511053502847
Polynomial Ridge,57.91598399999999,54.3427243785016,3.573259621498387
Polynomial Ridge,39.604880392,32.64815871045752,6.956721681542476
Polynomial Ridge,15.43736764,17.94689083421921,-2.509523194219211
Polynomial Ridge,56.14403068,61.82926210830041,-5.685231428300412
Polynomial Ridge,41.885667,29.946299252910784,11.939367747089214
Polynomial Ridge,6.902344236,14.87400911188216,-7.971664875882159
Polynomial Ridge,57.02655996,51.59716465772247,5.429395302277527
Polynomial Ridge,61.45989064,64.26163284887949,-2.8017422088794888
Polynomial Ridge,26.40003604,30.856071495544242,-4.456035455544242
Polynomial Ridge,64.90037588,68.67231078151626,-3.7719349015162607
Polynomial Ridge,49.18514941199999,47.320650269218035,1.864499142781952
Polynomial Ridge,58.78472376,63.459049192430115,-4.674325432430116
Polynomial Ridge,4.827710952,12.337087523459587,-7.509376571459587
Polynomial Ridge,63.14221208,44.93955710599673,18.202654974003273
Polynomial Ridge,35.314271244,33.46086888061622,1.853402363383779
Polynomial Ridge,37.25928304,38.44614920826289,-1.1868661682628883
Polynomial Ridge,36.4388066,25.76099331026206,10.67781328973794
Polynomial Ridge,39.05192064,40.062447953198514,-1.0105273131985157
Polynomial Ridge,36.96970312,41.72673538296442,-4.757032262964422
Polynomial Ridge,24.90387312,28.590959260548487,-3.6870861405484874
Polynomial Ridge,10.53519328,9.634163563133882,0.9010297168661179
Polynomial Ridge,71.69860924,72.36050457542902,-0.6618953354290227
Polynomial Ridge,55.94408264,48.80030460732983,7.14377803267017
Polynomial Ridge,18.41590396,16.15982091890238,2.2560830410976216
Polynomial Ridge,47.09810556,36.22744304985618,10.870662510143823
Polynomial Ridge,72.29845336,72.73555215678279,-0.4370987967827915
Polynomial Ridge,42.6440906,34.92164689214793,7.722443707852065
Polynomial Ridge,33.27411176,30.77612832881003,2.497983431189965
Polynomial Ridge,67.79617508,71.98144725463624,-4.185272174636239
Polynomial Ridge,37.34202016,39.460239400417905,-2.1182192404179077
Polynomial Ridge,17.236210524,19.438502170589757,-2.2022916465897566
Polynomial Ridge,33.94290348,43.49333864241754,-9.550435162417543
Polynomial Ridge,15.691094808,17.570243895959663,-1.8791490879596626
Polynomial Ridge,58.99846132,50.762786486982236,8.235674833017761
Polynomial Ridge,44.32641204,41.47713975171649,2.849272288283508
Polynomial Ridge,20.27748916,22.206927872918875,-1.929438712918877
Polynomial Ridge,50.45930106,46.68687548079785,3.7724255792021495
Polynomial Ridge,13.461329424,14.198494602663501,-0.737165178663501
Polynomial Ridge,11.85209244,14.218176862672337,-2.366084422672337
Polynomial Ridge,44.14025352,55.43317403516645,-11.29292051516645
Polynomial Ridge,54.598914964,47.203114914348205,7.395800049651797
Polynomial Ridge,10.730314988,12.586637175964192,-1.8563221879641922
Polynomial Ridge,74.98740975999999,58.96602417160038,16.02138558839961
Polynomial Ridge,36.3009114,31.03925609626128,5.261655303738717
Polynomial Ridge,52.1243856,47.90306726542153,4.22131833457847
Polynomial Ridge,13.5654403,17.949797349837482,-4.384357049837481
Polynomial Ridge,50.526869708,54.47262220394313,-3.9457524959431325
Polynomial Ridge,39.48629052,41.08072317654013,-1.5944326565401354
Polynomial Ridge,28.629801424,34.801208398497124,-6.171406974497124
Polynomial Ridge,15.340841,17.585224676144968,-2.2443836761449685
Polynomial Ridge,26.8550902,34.501568500347375,-7.6464783003473755
Polynomial Ridge,61.92183956,64.58748227825946,-2.6656427182594555
Polynomial Ridge,9.617500724,12.261820850928032,-2.644320126928033
Polynomial Ridge,14.98920824,16.67209961043239,-1.6828913704323902
Polynomial Ridge,41.09966436,44.87692278663753,-3.7772584266375304
Polynomial Ridge,45.70536404,31.366072763772188,14.339291276227812
Polynomial Ridge,27.234302,29.335685335678903,-2.1013833356789036
Polynomial Ridge,56.8128224,51.76997756642734,5.042844833572659
Polynomial Ridge,39.0932892,36.073045832571054,3.0202433674289466
Polynomial Ridge,31.97100212,23.094576376734175,8.876425743265827
Polynomial Ridge,37.79707432,51.21159089992575,-13.414516579925753
Polynomial Ridge,14.638264956,15.296269030623513,-0.6580040746235127
Polynomial Ridge,19.009542796,25.282142566513812,-6.272599770513811
Polynomial Ridge,42.54756396,44.548152398138335,-2.0005884381383368
Polynomial Ridge,21.53923024,22.673831544732735,-1.1346013047327368
Polynomial Ridge,12.17614616,14.14146048861462,-1.9653143286146193
Polynomial Ridge,37.265488324,38.10274857797248,-0.8372602539724738
Polynomial Ridge,22.43554904,22.76650311811124,-0.3309540781112368
Polynomial Ridge,35.76312012,36.25237089483652,-0.48925077483651336
Polynomial Ridge,12.5484632,11.689484935372512,0.8589782646274884
Polynomial Ridge,16.49916068,20.40874952261548,-3.909588842615481
Polynomial Ridge,33.75674496,35.28217393990659,-1.525428979906593
Polynomial Ridge,28.23748958,18.884995105194093,9.352494474805905
Polynomial Ridge,13.52062436,16.501679918413785,-2.981055558413786
Polynomial Ridge,47.7117392,35.35344560724251,12.358293592757484
Polynomial Ridge,48.9872698,51.39329775430018,-2.4060279543001784
Polynomial Ridge,6.883728383999999,10.21307737104403,-3.32934898704403
Polynomial Ridge,28.29609504,48.22447557434076,-19.928380534340757
Polynomial Ridge,18.28490352,26.223281421821483,-7.938377901821482
Polynomial Ridge,74.4978818,65.50567391324626,8.992207886753746
Polynomial Ridge,43.377003588,45.93142072703385,-2.554417139033852
Polynomial Ridge,33.7153764,41.02472666192899,-7.309350261928991
Polynomial Ridge,32.626693796,29.659753919313523,2.9669398766864745
Polynomial Ridge,2.331807832,7.500826837124137,-5.169019005124137
Polynomial Ridge,55.25460664,61.829262108300384,-6.574655468300385
Polynomial Ridge,30.275580636,27.14326976809579,3.1323108679042093
Polynomial Ridge,30.57136584,28.245331556877908,2.326034283122091
Polynomial Ridge,39.321505756,32.89604334525008,6.4254624107499225
Polynomial Ridge,45.83636448,45.07723135184496,0.7591331281550424
Polynomial Ridge,25.08313688,21.150838183674253,3.9322986963257485
Polynomial Ridge,37.2661778,47.922257341109855,-10.656079541109854
Polynomial Ridge,79.40005615999999,77.39887608191279,2.001180078087202
Polynomial Ridge,31.2677366,32.38938043804239,-1.121643838042388
Polynomial Ridge,24.40055564,37.47770738248475,-13.077151742484752
Polynomial Ridge,37.171030112,35.25160427407333,1.919425837926667
Polynomial Ridge,24.84871504,28.69848722554544,-3.84977218554544
Polynomial Ridge,9.694722036,14.159915241754511,-4.465193205754511
Polynomial Ridge,22.89749796,46.534338380106234,-23.636840420106235
Polynomial Ridge,32.401235144,37.36542033126658,-4.96418518726658
Polynomial Ridge,36.443632932,25.286119697314568,11.157513234685432
Polynomial Ridge,10.222171176,9.659711570227508,0.5624596057724922
Polynomial Ridge,30.84715624,38.05919987883094,-7.212043638830938
Polynomial Ridge,31.53663224,36.05275145360106,-4.516119213601062
Polynomial Ridge,45.3675208,38.214734808246064,7.152785991753937
Polynomial Ridge,14.39625888,15.461305389312514,-1.0650465093125145
Polynomial Ridge,30.14389072,27.055436129927624,3.088454590072377
Polynomial Ridge,29.93015316,24.26857274079949,5.6615804192005115
Polynomial Ridge,44.868340176,34.29631979519748,10.572020380802513
Polynomial Ridge,67.11359384,57.33022813032271,9.783365709677284
Polynomial Ridge,29.7853632,27.89571102189996,1.8896521781000395
Polynomial Ridge,33.3016908,31.862565109531356,1.4391256904686465
Polynomial Ridge,42.919881,45.220386218857016,-2.300505218857019
Polynomial Ridge,25.3727168,25.364586474209354,0.008130325790645543
Polynomial Ridge,21.859147104,23.219134970786442,-1.3599878667864402
Polynomial Ridge,29.21999288,29.74651993907087,-0.5265270590708688
Polynomial Ridge,56.8472962,54.77539845373552,2.071897746264483
Polynomial Ridge,25.17966352,25.2262396312456,-0.0465761112456029
Polynomial Ridge,32.9569528,26.295271624874033,6.66168117512597
Polynomial Ridge,33.0603742,31.467414819943873,1.5929593800561257
Polynomial Ridge,16.503987012,20.135236249603125,-3.631249237603125
Polynomial Ridge,32.83974188,33.628689616562454,-0.7889477365624558
Polynomial Ridge,47.8151606,46.346532932254405,1.4686276677455936
Polynomial Ridge,21.179323768,21.551199913071375,-0.3718761450713757
Polynomial Ridge,55.49592324,55.457471012442866,0.038452227557137064
Polynomial Ridge,26.233182848,33.664210259894986,-7.431027411894988
Polynomial Ridge,54.09628696,47.86000936621158,6.236277593788422
Polynomial Ridge,29.41304616,23.60519340624046,5.807852753759541
Polynomial Ridge,23.696600644,30.324648109062643,-6.628047465062643
Polynomial Ridge,13.33446584,16.901944322970948,-3.567478482970948
Polynomial Ridge,35.2322236,29.278519055632366,5.953704544367632
Polynomial Ridge,43.698299404,45.92660014249937,-2.228300738499371
Polynomial Ridge,52.20022796,39.6907332765985,12.509494683401499
Polynomial Ridge,71.29871315999999,60.76092319275136,10.537789967248628
Polynomial Ridge,21.50475644,23.889997262726432,-2.3852408227264306
Polynomial Ridge,36.3009114,40.61934775201607,-4.318436352016072
Polynomial Ridge,25.17966352,24.144362887066325,1.035300632933673
Polynomial Ridge,53.524711356,44.46449758618854,9.060213769811455
Polynomial Ridge,61.85584685418796,67.79662625280795,-5.940779398619995
Polynomial Ridge,37.404073,34.123757396895854,3.2803156031041425
Polynomial Ridge,14.596896396,13.62580012326799,0.9710962727320105
Polynomial Ridge,67.69964844,56.869804495064386,10.829843944935618
Polynomial Ridge,56.3991368,59.51207125190827,-3.1129344519082665
Polynomial Ridge,18.033934256,14.780596603664684,3.253337652335315
Polynomial Ridge,49.24927068,16.596146989602218,32.653123690397784
Polynomial Ridge,40.59634688,44.49992235742212,-3.903575477422123
Polynomial Ridge,48.97348028,52.4337278906976,-3.4602476106976
Polynomial Ridge,14.58931216,8.379211113880771,6.210101046119229
Polynomial Ridge,8.204074924,8.18668921622388,0.01738570777612125
Polynomial Ridge,72.99482412,70.74474796981866,2.250076150181343
Polynomial Ridge,36.349864196,33.177441699509174,3.1724224964908245
Polynomial Ridge,33.72916592,29.51852239475459,4.210643525245409
Polynomial Ridge,36.44570136,40.82967137786103,-4.3839700178610315
Polynomial Ridge,8.06342182,6.11890275850628,1.94451906149372
Polynomial Ridge,74.3649114581204,67.02833930729403,7.33657215082637
Polynomial Ridge,15.52010476,18.719457555764123,-3.1993527957641223
Polynomial Ridge,12.05204048,10.3312526322839,1.7207878477161014
Polynomial Ridge,8.48744956,14.396480356784608,-5.909030796784608
Polynomial Ridge,29.54897143054136,36.2811213238887,-6.732149893347337
Polynomial Ridge,51.0556978,52.04110838691325,-0.9854105869132539
Polynomial Ridge,36.804918356,38.49111385475267,-1.6861954987526673
