FeatureSet,Model,RandomState,Actual,Predicted,Residual
yeh_engineered,OLS,42,34.6806428,29.576371563170554,5.104271236829447
yeh_engineered,OLS,42,29.06830816,31.871609900008224,-2.803301740008223
yeh_engineered,OLS,42,41.15137506,57.97979951683944,-16.828424456839443
yeh_engineered,OLS,42,33.71882378,35.13044187458586,-1.4116180945858616
yeh_engineered,OLS,42,31.87447548,28.97381541787511,2.900660062124892
yeh_engineered,OLS,42,6.280436883999999,14.931898882198883,-8.651461998198883
yeh_engineered,OLS,42,12.83804312,10.678718289945191,2.1593248300548087
yeh_engineered,OLS,42,12.17614616,22.367320163110634,-10.191174003110634
yeh_engineered,OLS,42,45.69846928,55.4614480199717,-9.7629787399717
yeh_engineered,OLS,42,17.959470848,25.579414289517167,-7.619943441517169
yeh_engineered,OLS,42,18.91232668,19.26914238838849,-0.35681570838849197
yeh_engineered,OLS,42,66.82401392,44.61706975817833,22.206944161821667
yeh_engineered,OLS,42,24.10408096,29.107761282492678,-5.003680322492677
yeh_engineered,OLS,42,39.38286912,35.75213400928677,3.630735110713232
yeh_engineered,OLS,42,52.446370892,43.36120064084849,9.08517025115151
yeh_engineered,OLS,42,37.42475728,31.243792101229147,6.180965178770855
yeh_engineered,OLS,42,31.6469484,26.62912364540174,5.017824754598259
yeh_engineered,OLS,42,24.065470304,29.0532303478317,-4.987760043831699
yeh_engineered,OLS,42,13.81709904,24.51328618901865,-10.69618714901865
yeh_engineered,OLS,42,14.2032056,17.652994219656808,-3.4497886196568075
yeh_engineered,OLS,42,31.875164956,29.069786262319504,2.8053786936804954
yeh_engineered,OLS,42,39.41734292,40.041150344029205,-0.6238074240292022
yeh_engineered,OLS,42,33.70158688,34.4907291947444,-0.7891423147443959
yeh_engineered,OLS,42,10.3938507,19.25810976922531,-8.86425906922531
yeh_engineered,OLS,42,9.131420144,23.256131031252743,-14.124710887252743
yeh_engineered,OLS,42,8.536402356,14.030169144060842,-5.493766788060842
yeh_engineered,OLS,42,19.00885332,27.49907571859292,-8.49022239859292
yeh_engineered,OLS,42,53.95839176,39.926058260784316,14.032333499215682
yeh_engineered,OLS,42,11.46598588,13.505979659343119,-2.039993779343119
yeh_engineered,OLS,42,38.56239268,31.19460198635928,7.367790693640721
yeh_engineered,OLS,42,61.79773388,55.32476133538914,6.472972544610862
yeh_engineered,OLS,42,26.91714304,28.54714698250924,-1.6300039425092407
yeh_engineered,OLS,42,21.917063088,41.517058382594854,-19.599995294594855
yeh_engineered,OLS,42,24.046164976,20.01881354894249,4.027351427057511
yeh_engineered,OLS,42,40.06200298,31.26305094395931,8.798952036040692
yeh_engineered,OLS,42,33.01900564,30.927767994402473,2.0912376455975306
yeh_engineered,OLS,42,6.26733684,28.05457745738909,-21.78724061738909
yeh_engineered,OLS,42,47.13257936,33.350617083269846,13.781962276730155
yeh_engineered,OLS,42,33.0431373,40.501763277010426,-7.458625977010428
yeh_engineered,OLS,42,32.051670812,35.76095411278768,-3.709283300787682
yeh_engineered,OLS,42,78.80021203999999,44.60465242199691,34.19555961800308
yeh_engineered,OLS,42,57.91598399999999,51.97213212211034,5.943851877889649
yeh_engineered,OLS,42,39.604880392,31.31917536898387,8.285705023016128
yeh_engineered,OLS,42,15.43736764,26.504663174909062,-11.067295534909062
yeh_engineered,OLS,42,56.14403068,54.94426963834742,1.1997610416525788
yeh_engineered,OLS,42,41.885667,36.07566311839737,5.810003881602626
yeh_engineered,OLS,42,6.902344236,24.843382300019908,-17.941038064019907
yeh_engineered,OLS,42,57.02655996,51.859512135761854,5.167047824238146
yeh_engineered,OLS,42,61.45989064,53.283472343155324,8.176418296844673
yeh_engineered,OLS,42,26.40003604,27.30715786006143,-0.9071218200614304
yeh_engineered,OLS,42,64.90037588,58.40421168413837,6.496164195861631
yeh_engineered,OLS,42,49.18514941199999,29.28936476630866,19.89578464569133
yeh_engineered,OLS,42,58.78472376,51.91386121405124,6.870862545948761
yeh_engineered,OLS,42,4.827710952,18.818188290832566,-13.990477338832566
yeh_engineered,OLS,42,63.14221208,41.53761940942911,21.604592670570888
yeh_engineered,OLS,42,35.314271244,31.178445443154075,4.135825800845922
yeh_engineered,OLS,42,37.25928304,38.11456496526546,-0.8552819252654587
yeh_engineered,OLS,42,36.4388066,22.03923796891015,14.39956863108985
yeh_engineered,OLS,42,39.05192064,31.360325997376883,7.691594642623116
yeh_engineered,OLS,42,36.96970312,31.15304204011669,5.816661079883307
yeh_engineered,OLS,42,24.90387312,25.124607033405024,-0.22073391340502369
yeh_engineered,OLS,42,10.53519328,14.658287281978932,-4.123094001978933
yeh_engineered,OLS,42,71.69860924,56.47923430626054,15.21937493373946
yeh_engineered,OLS,42,55.94408264,45.09507829896367,10.849004341036327
yeh_engineered,OLS,42,18.41590396,12.218443464319801,6.1974604956802
yeh_engineered,OLS,42,47.09810556,50.07546352535965,-2.9773579653596514
yeh_engineered,OLS,42,72.29845336,56.736547850575214,15.561905509424783
yeh_engineered,OLS,42,42.6440906,32.60012439694667,10.04396620305333
yeh_engineered,OLS,42,33.27411176,27.50927978892226,5.7648319710777365
yeh_engineered,OLS,42,67.79617508,55.42456647565615,12.371608604343848
yeh_engineered,OLS,42,37.34202016,34.045830400235765,3.296189759764232
yeh_engineered,OLS,42,17.236210524,33.451366351225765,-16.215155827225765
yeh_engineered,OLS,42,33.94290348,38.38714174954104,-4.444238269541039
yeh_engineered,OLS,42,15.691094808,30.924613463384105,-15.233518655384104
yeh_engineered,OLS,42,58.99846132,45.691501658030916,13.306959661969081
yeh_engineered,OLS,42,44.32641204,41.728881585852356,2.5975304541476447
yeh_engineered,OLS,42,20.27748916,25.78490705508633,-5.507417895086331
yeh_engineered,OLS,42,50.45930106,29.168368572938103,21.290932487061898
yeh_engineered,OLS,42,13.461329424,25.16132086724968,-11.699991443249681
yeh_engineered,OLS,42,11.85209244,20.13427947927548,-8.282187039275481
yeh_engineered,OLS,42,44.14025352,41.46659209829026,2.6736614217097383
yeh_engineered,OLS,42,54.598914964,45.009117156367104,9.589797807632898
yeh_engineered,OLS,42,10.730314988,21.887148195007715,-11.156833207007715
yeh_engineered,OLS,42,74.98740975999999,53.353909136074094,21.633500623925897
yeh_engineered,OLS,42,36.3009114,29.568444400586515,6.732466999413482
yeh_engineered,OLS,42,52.1243856,39.06660183677489,13.057783763225103
yeh_engineered,OLS,42,13.5654403,28.470091782849032,-14.904651482849031
yeh_engineered,OLS,42,50.526869708,45.45850416978957,5.068365538210429
yeh_engineered,OLS,42,39.48629052,34.71384490632056,4.772445613679437
yeh_engineered,OLS,42,28.629801424,20.062175112271333,8.567626311728667
yeh_engineered,OLS,42,15.340841,29.930647179298177,-14.589806179298177
yeh_engineered,OLS,42,26.8550902,27.25884281666544,-0.4037526166654395
yeh_engineered,OLS,42,61.92183956,61.812094477888024,0.10974508211197787
yeh_engineered,OLS,42,9.617500724,28.230769010431967,-18.613268286431968
yeh_engineered,OLS,42,14.98920824,25.145552751278338,-10.156344511278338
yeh_engineered,OLS,42,41.09966436,49.97325327017333,-8.873588910173332
yeh_engineered,OLS,42,45.70536404,30.344476241387085,15.360887798612914
yeh_engineered,OLS,42,27.234302,29.279514255308694,-2.0452122553086944
yeh_engineered,OLS,42,56.8128224,41.6743541118321,15.1384682881679
yeh_engineered,OLS,42,39.0932892,32.9436226788148,6.149666521185203
yeh_engineered,OLS,42,31.97100212,26.488994051837295,5.482008068162706
yeh_engineered,OLS,42,37.79707432,50.907588261871325,-13.110513941871325
yeh_engineered,OLS,42,14.638264956,23.69605250964549,-9.05778755364549
yeh_engineered,OLS,42,19.009542796,27.411393405132188,-8.401850609132186
yeh_engineered,OLS,42,42.54756396,33.271627344954176,9.275936615045822
yeh_engineered,OLS,42,21.53923024,21.919541396463387,-0.38031115646338876
yeh_engineered,OLS,42,12.17614616,14.665308714228868,-2.4891625542288676
yeh_engineered,OLS,42,37.265488324,38.199840201471154,-0.9343518774711512
yeh_engineered,OLS,42,22.43554904,19.78897404261911,2.646574997380892
yeh_engineered,OLS,42,35.76312012,29.702571634317707,6.060548485682297
yeh_engineered,OLS,42,12.5484632,24.32048503204492,-11.77202183204492
yeh_engineered,OLS,42,16.49916068,21.23634146905735,-4.737180789057351
yeh_engineered,OLS,42,33.75674496,38.43323764525164,-4.676492685251638
yeh_engineered,OLS,42,28.23748958,25.67304006869837,2.5644495113016283
yeh_engineered,OLS,42,13.52062436,22.321815979293966,-8.801191619293967
yeh_engineered,OLS,42,47.7117392,39.997894235054495,7.713844964945501
yeh_engineered,OLS,42,48.9872698,37.586847896403874,11.400421903596126
yeh_engineered,OLS,42,6.883728383999999,19.986814252130273,-13.103085868130274
yeh_engineered,OLS,42,28.29609504,47.75777317999034,-19.461678139990337
yeh_engineered,OLS,42,18.28490352,26.464004570596636,-8.179101050596636
yeh_engineered,OLS,42,74.4978818,58.812771765582596,15.685110034417406
yeh_engineered,OLS,42,43.377003588,35.37707141384377,7.999932174156228
yeh_engineered,OLS,42,33.7153764,35.24728965637234,-1.5319132563723414
yeh_engineered,OLS,42,32.626693796,37.70468426311307,-5.077990467113075
yeh_engineered,OLS,42,2.331807832,8.80174582982513,-6.46993799782513
yeh_engineered,OLS,42,55.25460664,54.94426963834742,0.31033700165257727
yeh_engineered,OLS,42,30.275580636,28.618180232840555,1.6574004031594463
yeh_engineered,OLS,42,30.57136584,25.690279815334513,4.8810860246654855
yeh_engineered,OLS,42,39.321505756,35.64791827993596,3.673587476064043
yeh_engineered,OLS,42,45.83636448,37.17275902593315,8.663605454066847
yeh_engineered,OLS,42,25.08313688,49.45412965815719,-24.37099277815719
yeh_engineered,OLS,42,37.2661778,35.759606768002065,1.506571031997936
yeh_engineered,OLS,42,79.40005615999999,61.892222114331815,17.507834045668176
yeh_engineered,OLS,42,31.2677366,29.332095277038476,1.9356413229615228
yeh_engineered,OLS,42,24.40055564,48.67854184723725,-24.277986207237248
yeh_engineered,OLS,42,37.171030112,33.30485535738498,3.8661747546150167
yeh_engineered,OLS,42,24.84871504,27.069994271999583,-2.221279231999585
yeh_engineered,OLS,42,9.694722036,25.808779258801543,-16.11405722280154
yeh_engineered,OLS,42,22.89749796,50.05456522883393,-27.15706726883393
yeh_engineered,OLS,42,32.401235144,33.86618528289299,-1.4649501388929949
yeh_engineered,OLS,42,36.443632932,22.082265796713497,14.361367135286503
yeh_engineered,OLS,42,10.222171176,13.586073092334995,-3.3639019163349957
yeh_engineered,OLS,42,30.84715624,35.76942310784247,-4.92226686784247
yeh_engineered,OLS,42,31.53663224,26.730937996097087,4.805694243902913
yeh_engineered,OLS,42,45.3675208,35.010267540902966,10.357253259097035
yeh_engineered,OLS,42,14.39625888,19.561323478664043,-5.165064598664044
yeh_engineered,OLS,42,30.14389072,30.758207703630763,-0.6143169836307614
yeh_engineered,OLS,42,29.93015316,26.53386651699286,3.396286643007141
yeh_engineered,OLS,42,44.868340176,28.47464083389993,16.393699342100067
yeh_engineered,OLS,42,67.11359384,71.7103277417248,-4.596733901724804
yeh_engineered,OLS,42,29.7853632,51.016967072187555,-21.231603872187556
yeh_engineered,OLS,42,33.3016908,32.80125109072359,0.5004397092764137
yeh_engineered,OLS,42,42.919881,38.110763607274386,4.809117392725611
yeh_engineered,OLS,42,25.3727168,29.308810666691357,-3.9360938666913583
yeh_engineered,OLS,42,21.859147104,38.19217551544851,-16.33302841144851
yeh_engineered,OLS,42,29.21999288,27.262795428973316,1.9571974510266834
yeh_engineered,OLS,42,56.8472962,40.888475559564974,15.958820640435029
yeh_engineered,OLS,42,25.17966352,21.30291452716829,3.8767489928317076
yeh_engineered,OLS,42,32.9569528,35.78255298858312,-2.825600188583117
yeh_engineered,OLS,42,33.0603742,26.008751303149385,7.051622896850613
yeh_engineered,OLS,42,16.503987012,21.21130440138634,-4.70731738938634
yeh_engineered,OLS,42,32.83974188,31.1040889360227,1.7356529439772999
yeh_engineered,OLS,42,47.8151606,38.55390727407363,9.261253325926369
yeh_engineered,OLS,42,21.179323768,24.37844212877032,-3.1991183607703206
yeh_engineered,OLS,42,55.49592324,53.66528841086652,1.83063482913348
yeh_engineered,OLS,42,26.233182848,31.32542195626717,-5.092239108267172
yeh_engineered,OLS,42,54.09628696,50.41317474856608,3.6831122114339223
yeh_engineered,OLS,42,29.41304616,26.394542043594306,3.018504116405694
yeh_engineered,OLS,42,23.696600644,25.929072013824157,-2.2324713698241574
yeh_engineered,OLS,42,13.33446584,28.09902660111131,-14.764560761111309
yeh_engineered,OLS,42,35.2322236,34.84408532304773,0.38813827695226877
yeh_engineered,OLS,42,43.698299404,68.63024498010279,-24.93194557610279
yeh_engineered,OLS,42,52.20022796,36.8466079120351,15.353620047964903
yeh_engineered,OLS,42,71.29871315999999,52.36415299039585,18.93456016960414
yeh_engineered,OLS,42,21.50475644,27.792370102663867,-6.2876136626638655
yeh_engineered,OLS,42,36.3009114,52.57525209543448,-16.274340695434482
yeh_engineered,OLS,42,25.17966352,21.636569423169824,3.543094096830174
yeh_engineered,OLS,42,53.524711356,40.33354827447238,13.19116308152762
yeh_engineered,OLS,42,61.85584685418796,55.05158247085956,6.804264383328402
yeh_engineered,OLS,42,37.404073,30.84853584106597,6.555537158934026
yeh_engineered,OLS,42,14.596896396,17.79848213778595,-3.2015857417859497
yeh_engineered,OLS,42,67.69964844,51.42805108719191,16.271597352808094
yeh_engineered,OLS,42,56.3991368,59.46190171493704,-3.0627649149370413
yeh_engineered,OLS,42,18.033934256,20.857528929035993,-2.823594673035995
yeh_engineered,OLS,42,49.24927068,31.71460929540328,17.53466138459672
yeh_engineered,OLS,42,40.59634688,56.063262525627934,-15.466915645627935
yeh_engineered,OLS,42,48.97348028,44.62715661021628,4.346323669783715
yeh_engineered,OLS,42,14.58931216,23.363452307136452,-8.774140147136452
yeh_engineered,OLS,42,8.204074924,13.146151613942251,-4.942076689942251
yeh_engineered,OLS,42,72.99482412,54.50750143594114,18.487322684058867
yeh_engineered,OLS,42,36.349864196,37.945916462457554,-1.596052266457555
yeh_engineered,OLS,42,33.72916592,34.101020662147974,-0.3718547421479741
yeh_engineered,OLS,42,36.44570136,40.94620923398638,-4.500507873986379
yeh_engineered,OLS,42,8.06342182,22.923530828743708,-14.860109008743708
yeh_engineered,OLS,42,74.3649114581204,54.61413638018146,19.75077507793894
yeh_engineered,OLS,42,15.52010476,31.00625826080801,-15.48615350080801
yeh_engineered,OLS,42,12.05204048,11.51436527932842,0.5376752006715808
yeh_engineered,OLS,42,8.48744956,23.542437278304533,-15.054987718304533
yeh_engineered,OLS,42,29.54897143054136,49.222622882155676,-19.673651451614315
yeh_engineered,OLS,42,51.0556978,43.6880097189119,7.367688081088097
yeh_engineered,OLS,42,36.804918356,35.40656540140517,1.3983529545948343
yeh_engineered,Elastic Net,42,34.6806428,30.32947094895941,4.35117185104059
yeh_engineered,Elastic Net,42,29.06830816,33.407693274059845,-4.339385114059844
yeh_engineered,Elastic Net,42,41.15137506,57.247618533875965,-16.096243473875965
yeh_engineered,Elastic Net,42,33.71882378,35.14677536705759,-1.427951587057592
yeh_engineered,Elastic Net,42,31.87447548,29.22426355454854,2.650211925451462
yeh_engineered,Elastic Net,42,6.280436883999999,14.491592466322562,-8.211155582322561
yeh_engineered,Elastic Net,42,12.83804312,11.21544003125955,1.6226030887404495
yeh_engineered,Elastic Net,42,12.17614616,22.103590241707984,-9.927444081707984
yeh_engineered,Elastic Net,42,45.69846928,55.178038884488814,-9.479569604488816
yeh_engineered,Elastic Net,42,17.959470848,25.533864312655155,-7.574393464655156
yeh_engineered,Elastic Net,42,18.91232668,20.62977988509828,-1.7174532050982805
yeh_engineered,Elastic Net,42,66.82401392,43.41550209952607,23.408511820473926
yeh_engineered,Elastic Net,42,24.10408096,28.720005008697512,-4.6159240486975115
yeh_engineered,Elastic Net,42,39.38286912,35.857715843913894,3.525153276086108
yeh_engineered,Elastic Net,42,52.446370892,43.432654689419095,9.013716202580902
yeh_engineered,Elastic Net,42,37.42475728,32.44012125499752,4.98463602500248
yeh_engineered,Elastic Net,42,31.6469484,28.122686448595637,3.5242619514043625
yeh_engineered,Elastic Net,42,24.065470304,30.366528856597128,-6.3010585525971265
yeh_engineered,Elastic Net,42,13.81709904,24.36146168654762,-10.54436264654762
yeh_engineered,Elastic Net,42,14.2032056,18.719518456401826,-4.516312856401825
yeh_engineered,Elastic Net,42,31.875164956,29.326788405189895,2.5483765508101044
yeh_engineered,Elastic Net,42,39.41734292,40.099325259452094,-0.681982339452091
yeh_engineered,Elastic Net,42,33.70158688,34.37897206782375,-0.6773851878237522
yeh_engineered,Elastic Net,42,10.3938507,19.639431051541642,-9.245580351541642
yeh_engineered,Elastic Net,42,9.131420144,22.308505952188604,-13.177085808188604
yeh_engineered,Elastic Net,42,8.536402356,15.74206153547238,-7.205659179472381
yeh_engineered,Elastic Net,42,19.00885332,25.2611777983146,-6.252324478314598
yeh_engineered,Elastic Net,42,53.95839176,39.76337704486092,14.19501471513908
yeh_engineered,Elastic Net,42,11.46598588,14.424812287546867,-2.9588264075468675
yeh_engineered,Elastic Net,42,38.56239268,30.858601049112156,7.703791630887846
yeh_engineered,Elastic Net,42,61.79773388,55.22210061573416,6.575633264265839
yeh_engineered,Elastic Net,42,26.91714304,27.68731289606926,-0.7701698560692591
yeh_engineered,Elastic Net,42,21.917063088,42.07861778990819,-20.161554701908194
yeh_engineered,Elastic Net,42,24.046164976,19.08274081652086,4.963424159479139
yeh_engineered,Elastic Net,42,40.06200298,31.38263897175333,8.679364008246672
yeh_engineered,Elastic Net,42,33.01900564,31.534676397154552,1.484329242845451
yeh_engineered,Elastic Net,42,6.26733684,30.04610765329908,-23.778770813299083
yeh_engineered,Elastic Net,42,47.13257936,31.545367317481006,15.587212042518996
yeh_engineered,Elastic Net,42,33.0431373,39.98275655846775,-6.939619258467751
yeh_engineered,Elastic Net,42,32.051670812,35.185986696671925,-3.1343158846719277
yeh_engineered,Elastic Net,42,78.80021203999999,45.2587921351417,33.541419904858294
yeh_engineered,Elastic Net,42,57.91598399999999,48.99166148395686,8.924322516043127
yeh_engineered,Elastic Net,42,39.604880392,32.71058591495179,6.894294477048206
yeh_engineered,Elastic Net,42,15.43736764,26.634170189621514,-11.196802549621514
yeh_engineered,Elastic Net,42,56.14403068,54.0377550943008,2.1062755856992013
yeh_engineered,Elastic Net,42,41.885667,35.65251757742317,6.23314942257683
yeh_engineered,Elastic Net,42,6.902344236,25.688453814178718,-18.786109578178717
yeh_engineered,Elastic Net,42,57.02655996,51.11960052862339,5.906959431376613
yeh_engineered,Elastic Net,42,61.45989064,51.68842348623525,9.771467153764746
yeh_engineered,Elastic Net,42,26.40003604,27.404763958621153,-1.0047279186211533
yeh_engineered,Elastic Net,42,64.90037588,58.133908132136554,6.7664677478634445
yeh_engineered,Elastic Net,42,49.18514941199999,29.590330605635113,19.594818806364874
yeh_engineered,Elastic Net,42,58.78472376,50.454104602341786,8.330619157658212
yeh_engineered,Elastic Net,42,4.827710952,19.223458549198444,-14.395747597198444
yeh_engineered,Elastic Net,42,63.14221208,40.50369458312368,22.638517496876318
yeh_engineered,Elastic Net,42,35.314271244,33.10996678365903,2.204304460340964
yeh_engineered,Elastic Net,42,37.25928304,38.30220525393496,-1.0429222139349577
yeh_engineered,Elastic Net,42,36.4388066,23.357928136797845,13.080878463202154
yeh_engineered,Elastic Net,42,39.05192064,32.46104478126002,6.590875858739977
yeh_engineered,Elastic Net,42,36.96970312,30.860436338068833,6.109266781931165
yeh_engineered,Elastic Net,42,24.90387312,25.235762852948724,-0.33188973294872426
yeh_engineered,Elastic Net,42,10.53519328,16.4292506149894,-5.8940573349894
yeh_engineered,Elastic Net,42,71.69860924,55.800831914120344,15.897777325879652
yeh_engineered,Elastic Net,42,55.94408264,44.006530816022206,11.937551823977792
yeh_engineered,Elastic Net,42,18.41590396,12.67134378946075,5.744560170539252
yeh_engineered,Elastic Net,42,47.09810556,50.28613208506888,-3.188026525068878
yeh_engineered,Elastic Net,42,72.29845336,55.58446445665003,16.713988903349964
yeh_engineered,Elastic Net,42,42.6440906,33.05219374920518,9.591896850794818
yeh_engineered,Elastic Net,42,33.27411176,27.049109497355204,6.225002262644793
yeh_engineered,Elastic Net,42,67.79617508,54.45768197010698,13.338493109893015
yeh_engineered,Elastic Net,42,37.34202016,33.25158895860434,4.09043120139566
yeh_engineered,Elastic Net,42,17.236210524,33.002131059370136,-15.765920535370135
yeh_engineered,Elastic Net,42,33.94290348,37.88575456689093,-3.9428510868909328
yeh_engineered,Elastic Net,42,15.691094808,30.397124093902928,-14.706029285902927
yeh_engineered,Elastic Net,42,58.99846132,46.25189584189792,12.746565478102077
yeh_engineered,Elastic Net,42,44.32641204,41.294678825253705,3.0317332147462963
yeh_engineered,Elastic Net,42,20.27748916,27.094632512168168,-6.81714335216817
yeh_engineered,Elastic Net,42,50.45930106,29.9390760621649,20.5202249978351
yeh_engineered,Elastic Net,42,13.461329424,26.497555098831988,-13.036225674831988
yeh_engineered,Elastic Net,42,11.85209244,21.167113767581533,-9.315021327581533
yeh_engineered,Elastic Net,42,44.14025352,40.79756208329332,3.34269143670668
yeh_engineered,Elastic Net,42,54.598914964,44.766163486757044,9.832751477242958
yeh_engineered,Elastic Net,42,10.730314988,22.020367238236567,-11.290052250236567
yeh_engineered,Elastic Net,42,74.98740975999999,52.73364021458251,22.253769545417484
yeh_engineered,Elastic Net,42,36.3009114,29.50175913175291,6.799152268247088
yeh_engineered,Elastic Net,42,52.1243856,39.29845736488688,12.825928235113118
yeh_engineered,Elastic Net,42,13.5654403,28.415408231318263,-14.849967931318263
yeh_engineered,Elastic Net,42,50.526869708,45.04973821356393,5.4771314944360725
yeh_engineered,Elastic Net,42,39.48629052,34.725881186266946,4.760409333733051
yeh_engineered,Elastic Net,42,28.629801424,20.001517974939247,8.628283449060753
yeh_engineered,Elastic Net,42,15.340841,29.794927385646385,-14.454086385646386
yeh_engineered,Elastic Net,42,26.8550902,27.665597829353338,-0.8105076293533386
yeh_engineered,Elastic Net,42,61.92183956,59.81348590506377,2.1083536549362307
yeh_engineered,Elastic Net,42,9.617500724,28.16494467343926,-18.54744394943926
yeh_engineered,Elastic Net,42,14.98920824,25.67847926030237,-10.689271020302371
yeh_engineered,Elastic Net,42,41.09966436,49.60306917893618,-8.503404818936183
yeh_engineered,Elastic Net,42,45.70536404,28.68562578408159,17.01973825591841
yeh_engineered,Elastic Net,42,27.234302,30.780058445510818,-3.5457564455108184
yeh_engineered,Elastic Net,42,56.8128224,41.3649906474156,15.4478317525844
yeh_engineered,Elastic Net,42,39.0932892,34.089934272159084,5.003354927840917
yeh_engineered,Elastic Net,42,31.97100212,26.589951615350515,5.381050504649487
yeh_engineered,Elastic Net,42,37.79707432,50.07282880060264,-12.275754480602643
yeh_engineered,Elastic Net,42,14.638264956,22.724478454531805,-8.086213498531805
yeh_engineered,Elastic Net,42,19.009542796,25.163040416202957,-6.153497620202955
yeh_engineered,Elastic Net,42,42.54756396,32.70826765776355,9.839296302236448
yeh_engineered,Elastic Net,42,21.53923024,22.813324747054537,-1.2740945070545386
yeh_engineered,Elastic Net,42,12.17614616,15.232119858216567,-3.055973698216567
yeh_engineered,Elastic Net,42,37.265488324,38.35563305070115,-1.0901447267011477
yeh_engineered,Elastic Net,42,22.43554904,20.836195942757442,1.5993530972425596
yeh_engineered,Elastic Net,42,35.76312012,30.214515693546115,5.548604426453888
yeh_engineered,Elastic Net,42,12.5484632,24.266718156831658,-11.718254956831657
yeh_engineered,Elastic Net,42,16.49916068,22.797304348968495,-6.298143668968496
yeh_engineered,Elastic Net,42,33.75674496,40.16440834663947,-6.40766338663947
yeh_engineered,Elastic Net,42,28.23748958,24.407812927345226,3.829676652654772
yeh_engineered,Elastic Net,42,13.52062436,23.674798153625215,-10.154173793625215
yeh_engineered,Elastic Net,42,47.7117392,39.04779082492249,8.66394837507751
yeh_engineered,Elastic Net,42,48.9872698,37.24852163934889,11.738748160651113
yeh_engineered,Elastic Net,42,6.883728383999999,20.00543480157755,-13.12170641757755
yeh_engineered,Elastic Net,42,28.29609504,48.123418048865744,-19.827323008865744
yeh_engineered,Elastic Net,42,18.28490352,25.334074953439078,-7.049171433439078
yeh_engineered,Elastic Net,42,74.4978818,59.170887743385755,15.326994056614247
yeh_engineered,Elastic Net,42,43.377003588,35.33365957222602,8.043344015773982
yeh_engineered,Elastic Net,42,33.7153764,35.26686510656608,-1.551488706566083
yeh_engineered,Elastic Net,42,32.626693796,37.87913084335651,-5.252437047356516
yeh_engineered,Elastic Net,42,2.331807832,8.319806952983821,-5.9879991209838215
yeh_engineered,Elastic Net,42,55.25460664,54.0377550943008,1.2168515456991997
yeh_engineered,Elastic Net,42,30.275580636,29.350820759852756,0.9247598761472453
yeh_engineered,Elastic Net,42,30.57136584,26.926677538295927,3.644688301704072
yeh_engineered,Elastic Net,42,39.321505756,36.4079559961838,2.913549759816199
yeh_engineered,Elastic Net,42,45.83636448,36.721503371444086,9.114861108555914
yeh_engineered,Elastic Net,42,25.08313688,47.95873324207047,-22.87559636207047
yeh_engineered,Elastic Net,42,37.2661778,35.30656304169377,1.9596147583062304
yeh_engineered,Elastic Net,42,79.40005615999999,62.08269525978815,17.31736090021184
yeh_engineered,Elastic Net,42,31.2677366,28.99282201441024,2.274914585589759
yeh_engineered,Elastic Net,42,24.40055564,48.07250596310707,-23.67195032310707
yeh_engineered,Elastic Net,42,37.171030112,33.431868913235945,3.7391611987640516
yeh_engineered,Elastic Net,42,24.84871504,26.86654629647665,-2.0178312564766507
yeh_engineered,Elastic Net,42,9.694722036,26.28625764626144,-16.591535610261438
yeh_engineered,Elastic Net,42,22.89749796,49.735533779542735,-26.838035819542736
yeh_engineered,Elastic Net,42,32.401235144,33.831345523377536,-1.4301103793775383
yeh_engineered,Elastic Net,42,36.443632932,23.35972414259792,13.08390878940208
yeh_engineered,Elastic Net,42,10.222171176,14.55558640956962,-4.333415233569621
yeh_engineered,Elastic Net,42,30.84715624,35.108424385165,-4.261268145165001
yeh_engineered,Elastic Net,42,31.53663224,26.576651999686593,4.959980240313406
yeh_engineered,Elastic Net,42,45.3675208,34.951614185213536,10.415906614786465
yeh_engineered,Elastic Net,42,14.39625888,20.968157598413633,-6.5718987184136335
yeh_engineered,Elastic Net,42,30.14389072,31.909080927964744,-1.7651902079647428
yeh_engineered,Elastic Net,42,29.93015316,26.492725063465244,3.437428096534756
yeh_engineered,Elastic Net,42,44.868340176,29.737866367003168,15.130473808996829
yeh_engineered,Elastic Net,42,67.11359384,69.17286720778574,-2.0592733677857495
yeh_engineered,Elastic Net,42,29.7853632,49.67060297493361,-19.88523977493361
yeh_engineered,Elastic Net,42,33.3016908,35.14941381306908,-1.8477230130690785
yeh_engineered,Elastic Net,42,42.919881,37.28396518353874,5.635915816461257
yeh_engineered,Elastic Net,42,25.3727168,28.77683479915129,-3.404117999151289
yeh_engineered,Elastic Net,42,21.859147104,37.79890092116595,-15.93975381716595
yeh_engineered,Elastic Net,42,29.21999288,26.96128982619262,2.2587030538073805
yeh_engineered,Elastic Net,42,56.8472962,40.42025917106252,16.427037028937484
yeh_engineered,Elastic Net,42,25.17966352,22.873561528009716,2.306101991990282
yeh_engineered,Elastic Net,42,32.9569528,35.14284875741491,-2.185895957414907
yeh_engineered,Elastic Net,42,33.0603742,26.0669071494354,6.993467050564597
yeh_engineered,Elastic Net,42,16.503987012,22.777532251706248,-6.273545239706248
yeh_engineered,Elastic Net,42,32.83974188,33.039665447995716,-0.1999235679957181
yeh_engineered,Elastic Net,42,47.8151606,38.17312349763951,9.64203710236049
yeh_engineered,Elastic Net,42,21.179323768,25.83484879826948,-4.65552503026948
yeh_engineered,Elastic Net,42,55.49592324,53.13038405702851,2.365539182971496
yeh_engineered,Elastic Net,42,26.233182848,32.18713887890264,-5.9539560309026385
yeh_engineered,Elastic Net,42,54.09628696,50.01904168127938,4.077245278720618
yeh_engineered,Elastic Net,42,29.41304616,28.872663340299585,0.5403828197004152
yeh_engineered,Elastic Net,42,23.696600644,27.090667940859095,-3.3940672968590953
yeh_engineered,Elastic Net,42,13.33446584,27.632910417707492,-14.298444577707492
yeh_engineered,Elastic Net,42,35.2322236,34.47396302383367,0.7582605761663288
yeh_engineered,Elastic Net,42,43.698299404,67.54812862036988,-23.849829216369884
yeh_engineered,Elastic Net,42,52.20022796,36.851569528458526,15.348658431541473
yeh_engineered,Elastic Net,42,71.29871315999999,51.919389416844524,19.379323743155467
yeh_engineered,Elastic Net,42,21.50475644,27.536918256209045,-6.032161816209044
yeh_engineered,Elastic Net,42,36.3009114,52.622272476089165,-16.32136107608917
yeh_engineered,Elastic Net,42,25.17966352,22.756219820601245,2.423443699398753
yeh_engineered,Elastic Net,42,53.524711356,40.17790369073465,13.346807665265345
yeh_engineered,Elastic Net,42,61.85584685418796,51.90346900035925,9.952377853828708
yeh_engineered,Elastic Net,42,37.404073,30.232738557352487,7.17133444264751
yeh_engineered,Elastic Net,42,14.596896396,19.220641882565825,-4.623745486565825
yeh_engineered,Elastic Net,42,67.69964844,50.67233410275206,17.027314337247944
yeh_engineered,Elastic Net,42,56.3991368,60.095199531737876,-3.696062731737875
yeh_engineered,Elastic Net,42,18.033934256,21.82711948312312,-3.7931852271231215
yeh_engineered,Elastic Net,42,49.24927068,30.679040731004363,18.57022994899564
yeh_engineered,Elastic Net,42,40.59634688,56.571059603740764,-15.974712723740765
yeh_engineered,Elastic Net,42,48.97348028,43.74837074387735,5.225109536122645
yeh_engineered,Elastic Net,42,14.58931216,22.22395729004343,-7.634645130043429
yeh_engineered,Elastic Net,42,8.204074924,14.139613907226423,-5.935538983226422
yeh_engineered,Elastic Net,42,72.99482412,53.58414161915445,19.410682500845553
yeh_engineered,Elastic Net,42,36.349864196,39.541512601954594,-3.191648405954595
yeh_engineered,Elastic Net,42,33.72916592,34.0488313654141,-0.3196654454141026
yeh_engineered,Elastic Net,42,36.44570136,41.67693702332549,-5.231235663325492
yeh_engineered,Elastic Net,42,8.06342182,21.807984787700235,-13.744562967700235
yeh_engineered,Elastic Net,42,74.3649114581204,53.47323115375556,20.89168030436484
yeh_engineered,Elastic Net,42,15.52010476,31.277657465593027,-15.757552705593026
yeh_engineered,Elastic Net,42,12.05204048,12.162866073438096,-0.11082559343809528
yeh_engineered,Elastic Net,42,8.48744956,23.374414039996726,-14.886964479996726
yeh_engineered,Elastic Net,42,29.54897143054136,46.39183334431186,-16.842861913770502
yeh_engineered,Elastic Net,42,51.0556978,42.59592942734258,8.459768372657415
yeh_engineered,Elastic Net,42,36.804918356,36.00079725391273,0.8041211020872723
yeh_engineered,Bayesian Ridge,42,34.6806428,30.064788123135386,4.615854676864615
yeh_engineered,Bayesian Ridge,42,29.06830816,32.70650798246907,-3.638199822469069
yeh_engineered,Bayesian Ridge,42,41.15137506,57.56130654133348,-16.40993148133348
yeh_engineered,Bayesian Ridge,42,33.71882378,34.95075178419369,-1.2319280041936906
yeh_engineered,Bayesian Ridge,42,31.87447548,28.88713425311148,2.987341226888521
yeh_engineered,Bayesian Ridge,42,6.280436883999999,14.590450249935216,-8.310013365935216
yeh_engineered,Bayesian Ridge,42,12.83804312,10.666619958335989,2.171423161664011
yeh_engineered,Bayesian Ridge,42,12.17614616,22.212460716223845,-10.036314556223845
yeh_engineered,Bayesian Ridge,42,45.69846928,55.704871308445796,-10.006402028445798
yeh_engineered,Bayesian Ridge,42,17.959470848,25.171474596063938,-7.212003748063939
yeh_engineered,Bayesian Ridge,42,18.91232668,19.96307805633047,-1.0507513763304708
yeh_engineered,Bayesian Ridge,42,66.82401392,44.195290642334925,22.628723277665074
yeh_engineered,Bayesian Ridge,42,24.10408096,28.827763863812507,-4.723682903812506
yeh_engineered,Bayesian Ridge,42,39.38286912,36.108206041945856,3.2746630780541466
yeh_engineered,Bayesian Ridge,42,52.446370892,43.382139850868874,9.064231041131123
yeh_engineered,Bayesian Ridge,42,37.42475728,31.906602251630225,5.518155028369776
yeh_engineered,Bayesian Ridge,42,31.6469484,27.41625640243643,4.230691997563568
yeh_engineered,Bayesian Ridge,42,24.065470304,29.752420717425142,-5.686950413425141
yeh_engineered,Bayesian Ridge,42,13.81709904,24.461411781643484,-10.644312741643484
yeh_engineered,Bayesian Ridge,42,14.2032056,18.22356936464083,-4.02036376464083
yeh_engineered,Bayesian Ridge,42,31.875164956,28.985228968276225,2.8899359877237742
yeh_engineered,Bayesian Ridge,42,39.41734292,39.91369704874244,-0.4963541287424391
yeh_engineered,Bayesian Ridge,42,33.70158688,34.37420672271734,-0.6726198427173387
yeh_engineered,Bayesian Ridge,42,10.3938507,19.42211432735777,-9.028263627357772
yeh_engineered,Bayesian Ridge,42,9.131420144,22.656471826990554,-13.525051682990554
yeh_engineered,Bayesian Ridge,42,8.536402356,14.666441116092976,-6.130038760092976
yeh_engineered,Bayesian Ridge,42,19.00885332,26.08096818821444,-7.072114868214442
yeh_engineered,Bayesian Ridge,42,53.95839176,39.73770118251596,14.220690577484035
yeh_engineered,Bayesian Ridge,42,11.46598588,13.863283952436486,-2.3972980724364863
yeh_engineered,Bayesian Ridge,42,38.56239268,31.030090616660665,7.532302063339337
yeh_engineered,Bayesian Ridge,42,61.79773388,55.55645182682418,6.241282053175823
yeh_engineered,Bayesian Ridge,42,26.91714304,27.96949938111579,-1.0523563411157895
yeh_engineered,Bayesian Ridge,42,21.917063088,42.01633605864918,-20.09927297064918
yeh_engineered,Bayesian Ridge,42,24.046164976,19.254840641734358,4.791324334265642
yeh_engineered,Bayesian Ridge,42,40.06200298,31.045153193885927,9.016849786114076
yeh_engineered,Bayesian Ridge,42,33.01900564,30.92489246640955,2.094113173590454
yeh_engineered,Bayesian Ridge,42,6.26733684,28.909788583359994,-22.642451743359995
yeh_engineered,Bayesian Ridge,42,47.13257936,32.502655827461574,14.629923532538427
yeh_engineered,Bayesian Ridge,42,33.0431373,40.249578238628516,-7.206440938628518
yeh_engineered,Bayesian Ridge,42,32.051670812,35.47415317710045,-3.42248236510045
yeh_engineered,Bayesian Ridge,42,78.80021203999999,45.10196109866007,33.69825094133992
yeh_engineered,Bayesian Ridge,42,57.91598399999999,50.1156452464225,7.800338753577485
yeh_engineered,Bayesian Ridge,42,39.604880392,31.968949919466226,7.635930472533772
yeh_engineered,Bayesian Ridge,42,15.43736764,26.535804514359953,-11.098436874359953
yeh_engineered,Bayesian Ridge,42,56.14403068,54.42361359051988,1.7204170894801223
yeh_engineered,Bayesian Ridge,42,41.885667,35.95841119253994,5.927255807460057
yeh_engineered,Bayesian Ridge,42,6.902344236,25.29623653709634,-18.39389230109634
yeh_engineered,Bayesian Ridge,42,57.02655996,51.38819961096134,5.638360349038663
yeh_engineered,Bayesian Ridge,42,61.45989064,52.686590082826626,8.773300557173371
yeh_engineered,Bayesian Ridge,42,26.40003604,27.34076927026122,-0.9407332302612197
yeh_engineered,Bayesian Ridge,42,64.90037588,58.585348405844094,6.3150274741559045
yeh_engineered,Bayesian Ridge,42,49.18514941199999,29.1636735313061,20.021475880693888
yeh_engineered,Bayesian Ridge,42,58.78472376,51.33539208966286,7.449331670337138
yeh_engineered,Bayesian Ridge,42,4.827710952,18.98941481606921,-14.16170386406921
yeh_engineered,Bayesian Ridge,42,63.14221208,41.16639406331502,21.975818016684983
yeh_engineered,Bayesian Ridge,42,35.314271244,32.30004134801568,3.0142298959843146
yeh_engineered,Bayesian Ridge,42,37.25928304,37.975805838220474,-0.716522798220474
yeh_engineered,Bayesian Ridge,42,36.4388066,22.698752209966816,13.740054390033183
yeh_engineered,Bayesian Ridge,42,39.05192064,31.898523787796357,7.153396852203642
yeh_engineered,Bayesian Ridge,42,36.96970312,31.025314964861636,5.944388155138363
yeh_engineered,Bayesian Ridge,42,24.90387312,25.160404149336706,-0.25653102933670624
yeh_engineered,Bayesian Ridge,42,10.53519328,15.379498121569693,-4.844304841569693
yeh_engineered,Bayesian Ridge,42,71.69860924,56.329966959411244,15.368642280588752
yeh_engineered,Bayesian Ridge,42,55.94408264,44.6285496646902,11.3155329753098
yeh_engineered,Bayesian Ridge,42,18.41590396,12.181068247845946,6.234835712154055
yeh_engineered,Bayesian Ridge,42,47.09810556,50.338134621042755,-3.2400290610427547
yeh_engineered,Bayesian Ridge,42,72.29845336,56.302447191628616,15.99600616837138
yeh_engineered,Bayesian Ridge,42,42.6440906,32.62506575864669,10.019024841353307
yeh_engineered,Bayesian Ridge,42,33.27411176,27.33858638744117,5.935525372558828
yeh_engineered,Bayesian Ridge,42,67.79617508,55.22822010985625,12.567954970143745
yeh_engineered,Bayesian Ridge,42,37.34202016,33.75414382625946,3.587876333740539
yeh_engineered,Bayesian Ridge,42,17.236210524,33.20248074283551,-15.966270218835511
yeh_engineered,Bayesian Ridge,42,33.94290348,38.25164157864943,-4.308738098649435
yeh_engineered,Bayesian Ridge,42,15.691094808,30.621736642075128,-14.930641834075127
yeh_engineered,Bayesian Ridge,42,58.99846132,45.86373648346162,13.134724836538375
yeh_engineered,Bayesian Ridge,42,44.32641204,41.329540517934575,2.996871522065426
yeh_engineered,Bayesian Ridge,42,20.27748916,26.52293045034861,-6.245441290348612
yeh_engineered,Bayesian Ridge,42,50.45930106,29.29984798900941,21.15945307099059
yeh_engineered,Bayesian Ridge,42,13.461329424,25.513050303500812,-12.051720879500811
yeh_engineered,Bayesian Ridge,42,11.85209244,20.723812056093244,-8.871719616093245
yeh_engineered,Bayesian Ridge,42,44.14025352,41.28053815766935,2.859715362330654
yeh_engineered,Bayesian Ridge,42,54.598914964,44.82814382940213,9.770771134597872
yeh_engineered,Bayesian Ridge,42,10.730314988,21.56349560511609,-10.833180617116088
yeh_engineered,Bayesian Ridge,42,74.98740975999999,53.0430688124399,21.944340947560093
yeh_engineered,Bayesian Ridge,42,36.3009114,29.76254562760365,6.538365772396347
yeh_engineered,Bayesian Ridge,42,52.1243856,39.03558699300199,13.088798606998004
yeh_engineered,Bayesian Ridge,42,13.5654403,28.268502424255146,-14.703062124255146
yeh_engineered,Bayesian Ridge,42,50.526869708,45.2157901596884,5.3110795483115965
yeh_engineered,Bayesian Ridge,42,39.48629052,35.064438131098925,4.421852388901073
yeh_engineered,Bayesian Ridge,42,28.629801424,19.84821611701725,8.781585306982748
yeh_engineered,Bayesian Ridge,42,15.340841,29.832539329637143,-14.491698329637144
yeh_engineered,Bayesian Ridge,42,26.8550902,27.527620084951685,-0.6725298849516861
yeh_engineered,Bayesian Ridge,42,61.92183956,61.07113109365544,0.8507084663445639
yeh_engineered,Bayesian Ridge,42,9.617500724,28.337803307483544,-18.720302583483544
yeh_engineered,Bayesian Ridge,42,14.98920824,25.653223760572764,-10.664015520572764
yeh_engineered,Bayesian Ridge,42,41.09966436,49.98869546480897,-8.889031104808971
yeh_engineered,Bayesian Ridge,42,45.70536404,29.53554679195515,16.16981724804485
yeh_engineered,Bayesian Ridge,42,27.234302,30.01962034327467,-2.785318343274671
yeh_engineered,Bayesian Ridge,42,56.8128224,41.61123823417108,15.201584165828919
yeh_engineered,Bayesian Ridge,42,39.0932892,33.56471852634378,5.528570673656219
yeh_engineered,Bayesian Ridge,42,31.97100212,26.73364904858374,5.237353071416262
yeh_engineered,Bayesian Ridge,42,37.79707432,50.569178667055205,-12.772104347055205
yeh_engineered,Bayesian Ridge,42,14.638264956,23.089171338279115,-8.450906382279115
yeh_engineered,Bayesian Ridge,42,19.009542796,25.984555485132162,-6.975012689132161
yeh_engineered,Bayesian Ridge,42,42.54756396,33.0777269397501,9.469837020249898
yeh_engineered,Bayesian Ridge,42,21.53923024,22.357723752089623,-0.8184935120896242
yeh_engineered,Bayesian Ridge,42,12.17614616,14.548235948679931,-2.372089788679931
yeh_engineered,Bayesian Ridge,42,37.265488324,38.057791789758596,-0.792303465758593
yeh_engineered,Bayesian Ridge,42,22.43554904,20.344286246840536,2.0912627931594656
yeh_engineered,Bayesian Ridge,42,35.76312012,30.135026426619405,5.628093693380599
yeh_engineered,Bayesian Ridge,42,12.5484632,24.225744763411484,-11.677281563411483
yeh_engineered,Bayesian Ridge,42,16.49916068,22.054151227004674,-5.5549905470046745
yeh_engineered,Bayesian Ridge,42,33.75674496,39.47025682835651,-5.7135118683565125
yeh_engineered,Bayesian Ridge,42,28.23748958,25.373777402330546,2.863712177669452
yeh_engineered,Bayesian Ridge,42,13.52062436,23.020341664255945,-9.499717304255945
yeh_engineered,Bayesian Ridge,42,47.7117392,39.65194577380506,8.059793426194936
yeh_engineered,Bayesian Ridge,42,48.9872698,37.53952227720028,11.447747522799723
yeh_engineered,Bayesian Ridge,42,6.883728383999999,19.95208262467193,-13.068354240671932
yeh_engineered,Bayesian Ridge,42,28.29609504,48.197353199611925,-19.901258159611924
yeh_engineered,Bayesian Ridge,42,18.28490352,25.718945537268734,-7.434042017268734
yeh_engineered,Bayesian Ridge,42,74.4978818,59.332431065375104,15.165450734624898
yeh_engineered,Bayesian Ridge,42,43.377003588,35.47354116706443,7.903462420935568
yeh_engineered,Bayesian Ridge,42,33.7153764,35.06799270219409,-1.3526163021940931
yeh_engineered,Bayesian Ridge,42,32.626693796,38.012236767423055,-5.385542971423057
yeh_engineered,Bayesian Ridge,42,2.331807832,8.382753782408482,-6.050945950408482
yeh_engineered,Bayesian Ridge,42,55.25460664,54.42361359051988,0.8309930494801208
yeh_engineered,Bayesian Ridge,42,30.275580636,28.653220032144613,1.6223606038553875
yeh_engineered,Bayesian Ridge,42,30.57136584,26.41575224082831,4.155613599171687
yeh_engineered,Bayesian Ridge,42,39.321505756,36.123310849035796,3.198194906964204
yeh_engineered,Bayesian Ridge,42,45.83636448,37.02876766310751,8.807596816892492
yeh_engineered,Bayesian Ridge,42,25.08313688,48.840116260908374,-23.756979380908373
yeh_engineered,Bayesian Ridge,42,37.2661778,35.565807854210554,1.700369945789447
yeh_engineered,Bayesian Ridge,42,79.40005615999999,62.36132764439502,17.038728515604973
yeh_engineered,Bayesian Ridge,42,31.2677366,29.162176393044064,2.1055602069559356
yeh_engineered,Bayesian Ridge,42,24.40055564,48.57823428928813,-24.177678649288133
yeh_engineered,Bayesian Ridge,42,37.171030112,33.20935861857866,3.961671493421335
yeh_engineered,Bayesian Ridge,42,24.84871504,26.930116708964977,-2.081401668964979
yeh_engineered,Bayesian Ridge,42,9.694722036,26.062326796538272,-16.36760476053827
yeh_engineered,Bayesian Ridge,42,22.89749796,50.08916390523027,-27.191665945230273
yeh_engineered,Bayesian Ridge,42,32.401235144,33.71023745091117,-1.3090023069111751
yeh_engineered,Bayesian Ridge,42,36.443632932,22.729074454998862,13.714558477001138
yeh_engineered,Bayesian Ridge,42,10.222171176,13.882202109749638,-3.6600309337496384
yeh_engineered,Bayesian Ridge,42,30.84715624,35.53007187614145,-4.682915636141448
yeh_engineered,Bayesian Ridge,42,31.53663224,26.656610033375316,4.880022206624684
yeh_engineered,Bayesian Ridge,42,45.3675208,35.03943906187529,10.328081738124709
yeh_engineered,Bayesian Ridge,42,14.39625888,20.314953235419274,-5.918694355419275
yeh_engineered,Bayesian Ridge,42,30.14389072,31.369250149957757,-1.2253594299577557
yeh_engineered,Bayesian Ridge,42,29.93015316,26.481970096331764,3.4481830636682353
yeh_engineered,Bayesian Ridge,42,44.868340176,29.123336467585887,15.74500370841411
yeh_engineered,Bayesian Ridge,42,67.11359384,70.80687009764802,-3.693276257648023
yeh_engineered,Bayesian Ridge,42,29.7853632,50.545823061285496,-20.760459861285497
yeh_engineered,Bayesian Ridge,42,33.3016908,34.13981139242793,-0.8381205924279271
yeh_engineered,Bayesian Ridge,42,42.919881,37.83742156392425,5.0824594360757445
yeh_engineered,Bayesian Ridge,42,25.3727168,29.069164648239287,-3.6964478482392877
yeh_engineered,Bayesian Ridge,42,21.859147104,37.97790580436358,-16.11875870036358
yeh_engineered,Bayesian Ridge,42,29.21999288,27.16578372719698,2.0542091528030184
yeh_engineered,Bayesian Ridge,42,56.8472962,40.714663732054234,16.13263246794577
yeh_engineered,Bayesian Ridge,42,25.17966352,22.046772280068716,3.1328912399312827
yeh_engineered,Bayesian Ridge,42,32.9569528,35.58711392818822,-2.630161128188213
yeh_engineered,Bayesian Ridge,42,33.0603742,26.155112585451846,6.905261614548152
yeh_engineered,Bayesian Ridge,42,16.503987012,22.037544487139044,-5.533557475139045
yeh_engineered,Bayesian Ridge,42,32.83974188,32.22003331399725,0.6197085660027497
yeh_engineered,Bayesian Ridge,42,47.8151606,38.45360009342989,9.361560506570108
yeh_engineered,Bayesian Ridge,42,21.179323768,25.15903436758021,-3.979710599580212
yeh_engineered,Bayesian Ridge,42,55.49592324,53.72335394170301,1.7725692982969932
yeh_engineered,Bayesian Ridge,42,26.233182848,31.752871650727233,-5.519688802727234
yeh_engineered,Bayesian Ridge,42,54.09628696,50.42139497609753,3.6748919839024694
yeh_engineered,Bayesian Ridge,42,29.41304616,27.7658143239815,1.647231836018502
yeh_engineered,Bayesian Ridge,42,23.696600644,26.50873413148516,-2.812133487485159
yeh_engineered,Bayesian Ridge,42,13.33446584,27.879240992195754,-14.544775152195754
yeh_engineered,Bayesian Ridge,42,35.2322236,34.743170860726515,0.4890527392734825
yeh_engineered,Bayesian Ridge,42,43.698299404,68.13350949591707,-24.43521009191707
yeh_engineered,Bayesian Ridge,42,52.20022796,36.70880460349605,15.491423356503951
yeh_engineered,Bayesian Ridge,42,71.29871315999999,52.36083633949521,18.937876820504783
yeh_engineered,Bayesian Ridge,42,21.50475644,27.647728103534106,-6.142971663534105
yeh_engineered,Bayesian Ridge,42,36.3009114,52.85207988127069,-16.551168481270693
yeh_engineered,Bayesian Ridge,42,25.17966352,22.170554584912303,3.0091089350876956
yeh_engineered,Bayesian Ridge,42,53.524711356,40.0194800385064,13.505231317493596
yeh_engineered,Bayesian Ridge,42,61.85584685418796,53.14454182544241,8.71130502874555
yeh_engineered,Bayesian Ridge,42,37.404073,30.583612937749244,6.820460062250753
yeh_engineered,Bayesian Ridge,42,14.596896396,18.408080060423103,-3.811183664423103
yeh_engineered,Bayesian Ridge,42,67.69964844,51.28260623484162,16.41704220515838
yeh_engineered,Bayesian Ridge,42,56.3991368,60.20818112177954,-3.8090443217795382
yeh_engineered,Bayesian Ridge,42,18.033934256,21.007221281636397,-2.973287025636399
yeh_engineered,Bayesian Ridge,42,49.24927068,31.356825544158863,17.89244513584114
yeh_engineered,Bayesian Ridge,42,40.59634688,56.628059119821614,-16.031712239821616
yeh_engineered,Bayesian Ridge,42,48.97348028,44.37889339153577,4.594586888464228
yeh_engineered,Bayesian Ridge,42,14.58931216,23.10210496806561,-8.51279280806561
yeh_engineered,Bayesian Ridge,42,8.204074924,13.44950259846108,-5.24542767446108
yeh_engineered,Bayesian Ridge,42,72.99482412,54.31150281386154,18.683321306138467
yeh_engineered,Bayesian Ridge,42,36.349864196,38.83170251614615,-2.481838320146153
yeh_engineered,Bayesian Ridge,42,33.72916592,34.00946115247654,-0.28029523247654
yeh_engineered,Bayesian Ridge,42,36.44570136,41.4021370545996,-4.956435694599598
yeh_engineered,Bayesian Ridge,42,8.06342182,22.66940545677705,-14.605983636777049
yeh_engineered,Bayesian Ridge,42,74.3649114581204,53.62883877739742,20.736072680722984
yeh_engineered,Bayesian Ridge,42,15.52010476,31.118275085423523,-15.598170325423522
yeh_engineered,Bayesian Ridge,42,12.05204048,11.682698410320324,0.36934206967967675
yeh_engineered,Bayesian Ridge,42,8.48744956,23.472433986184768,-14.984984426184768
yeh_engineered,Bayesian Ridge,42,29.54897143054136,47.411273300869006,-17.862301870327645
yeh_engineered,Bayesian Ridge,42,51.0556978,43.31866307933551,7.737034720664489
yeh_engineered,Bayesian Ridge,42,36.804918356,35.442339549573475,1.3625788064265265
yeh_engineered,Polynomial Ridge,42,34.6806428,34.20576792770288,0.47487487229712144
yeh_engineered,Polynomial Ridge,42,29.06830816,32.51470944862797,-3.4464012886279676
yeh_engineered,Polynomial Ridge,42,41.15137506,40.37767672664321,0.7736983333567906
yeh_engineered,Polynomial Ridge,42,33.71882378,40.95281687308535,-7.2339930930853455
yeh_engineered,Polynomial Ridge,42,31.87447548,28.990228867952645,2.884246612047356
yeh_engineered,Polynomial Ridge,42,6.280436883999999,8.541559401439507,-2.2611225174395075
yeh_engineered,Polynomial Ridge,42,12.83804312,13.424556564861092,-0.586513444861092
yeh_engineered,Polynomial Ridge,42,12.17614616,13.511925705943042,-1.3357795459430424
yeh_engineered,Polynomial Ridge,42,45.69846928,33.11710760965131,12.581361670348684
yeh_engineered,Polynomial Ridge,42,17.959470848,18.256160569925566,-0.2966897219255671
yeh_engineered,Polynomial Ridge,42,18.91232668,17.869807307664285,1.0425193723357147
yeh_engineered,Polynomial Ridge,42,66.82401392,58.51395381513754,8.310060104862458
yeh_engineered,Polynomial Ridge,42,24.10408096,23.717832488511448,0.38624847148855324
yeh_engineered,Polynomial Ridge,42,39.38286912,39.37978450420496,0.0030846157950392694
yeh_engineered,Polynomial Ridge,42,52.446370892,48.11427549095555,4.332095401044448
yeh_engineered,Polynomial Ridge,42,37.42475728,33.36439906015115,4.060358219848851
yeh_engineered,Polynomial Ridge,42,31.6469484,29.4181827577304,2.2287656422696003
yeh_engineered,Polynomial Ridge,42,24.065470304,26.2103336260011,-2.144863322001097
yeh_engineered,Polynomial Ridge,42,13.81709904,16.124167231248343,-2.3070681912483426
yeh_engineered,Polynomial Ridge,42,14.2032056,15.524659510144236,-1.3214539101442355
yeh_engineered,Polynomial Ridge,42,31.875164956,29.012839447168805,2.8623255088311943
yeh_engineered,Polynomial Ridge,42,39.41734292,43.14122146614096,-3.723878546140959
yeh_engineered,Polynomial Ridge,42,33.70158688,28.932552295373437,4.769034584626564
yeh_engineered,Polynomial Ridge,42,10.3938507,15.31072893376814,-4.91687823376814
yeh_engineered,Polynomial Ridge,42,9.131420144,13.920650791416183,-4.789230647416183
yeh_engineered,Polynomial Ridge,42,8.536402356,13.256979299892933,-4.720576943892933
yeh_engineered,Polynomial Ridge,42,19.00885332,25.25975825540662,-6.25090493540662
yeh_engineered,Polynomial Ridge,42,53.95839176,52.383172350120574,1.5752194098794234
yeh_engineered,Polynomial Ridge,42,11.46598588,13.215741940876296,-1.7497560608762956
yeh_engineered,Polynomial Ridge,42,38.56239268,41.09869833776725,-2.536305657767251
yeh_engineered,Polynomial Ridge,42,61.79773388,58.39095282189199,3.4067810581080096
yeh_engineered,Polynomial Ridge,42,26.91714304,23.886528426474975,3.0306146135250245
yeh_engineered,Polynomial Ridge,42,21.917063088,25.944921221791592,-4.027858133791593
yeh_engineered,Polynomial Ridge,42,24.046164976,22.756588404858434,1.2895765711415663
yeh_engineered,Polynomial Ridge,42,40.06200298,33.83509440693357,6.2269085730664315
yeh_engineered,Polynomial Ridge,42,33.01900564,33.905782127440034,-0.8867764874400308
yeh_engineered,Polynomial Ridge,42,6.26733684,24.274608159434166,-18.007271319434167
yeh_engineered,Polynomial Ridge,42,47.13257936,44.50071988917302,2.6318594708269814
yeh_engineered,Polynomial Ridge,42,33.0431373,33.42997165361007,-0.38683435361006957
yeh_engineered,Polynomial Ridge,42,32.051670812,29.671224704403993,2.380446107596004
yeh_engineered,Polynomial Ridge,42,78.80021203999999,51.30237295474652,27.497839085253474
yeh_engineered,Polynomial Ridge,42,57.91598399999999,54.32650605848218,3.5894779415178064
yeh_engineered,Polynomial Ridge,42,39.604880392,31.909366915291088,7.695513476708911
yeh_engineered,Polynomial Ridge,42,15.43736764,18.344664360986037,-2.9072967209860376
yeh_engineered,Polynomial Ridge,42,56.14403068,61.736739979916095,-5.592709299916095
yeh_engineered,Polynomial Ridge,42,41.885667,30.904667294652675,10.980999705347323
yeh_engineered,Polynomial Ridge,42,6.902344236,15.285737307762787,-8.383393071762786
yeh_engineered,Polynomial Ridge,42,57.02655996,51.190882599765914,5.835677360234087
yeh_engineered,Polynomial Ridge,42,61.45989064,63.1424205198979,-1.6825298798978991
yeh_engineered,Polynomial Ridge,42,26.40003604,30.561450622500267,-4.161414582500267
yeh_engineered,Polynomial Ridge,42,64.90037588,68.38796342602527,-3.487587546025267
yeh_engineered,Polynomial Ridge,42,49.18514941199999,48.544415515147705,0.6407338968522822
yeh_engineered,Polynomial Ridge,42,58.78472376,61.978678011831335,-3.193954251831336
yeh_engineered,Polynomial Ridge,42,4.827710952,13.448253156232635,-8.620542204232635
yeh_engineered,Polynomial Ridge,42,63.14221208,45.51271801771561,17.629494062284387
yeh_engineered,Polynomial Ridge,42,35.314271244,33.74121003292699,1.5730612110730036
yeh_engineered,Polynomial Ridge,42,37.25928304,38.87496053957872,-1.615677499578723
yeh_engineered,Polynomial Ridge,42,36.4388066,24.78237345459275,11.656433145407249
yeh_engineered,Polynomial Ridge,42,39.05192064,37.20957426443104,1.8423463755689582
yeh_engineered,Polynomial Ridge,42,36.96970312,41.27262907089747,-4.302925950897475
yeh_engineered,Polynomial Ridge,42,24.90387312,28.63622043448104,-3.7323473144810393
yeh_engineered,Polynomial Ridge,42,10.53519328,14.5277486084764,-3.992555328476401
yeh_engineered,Polynomial Ridge,42,71.69860924,73.19412468666891,-1.495515446668918
yeh_engineered,Polynomial Ridge,42,55.94408264,48.31326839328706,7.630814246712937
yeh_engineered,Polynomial Ridge,42,18.41590396,16.972668648952368,1.4432353110476335
yeh_engineered,Polynomial Ridge,42,47.09810556,37.04372978499586,10.05437577500414
yeh_engineered,Polynomial Ridge,42,72.29845336,72.10685891854868,0.19159444145131488
yeh_engineered,Polynomial Ridge,42,42.6440906,34.30794860170512,8.336141998294877
yeh_engineered,Polynomial Ridge,42,33.27411176,30.49781109531274,2.7763006646872554
yeh_engineered,Polynomial Ridge,42,67.79617508,70.6786972768499,-2.882522196849905
yeh_engineered,Polynomial Ridge,42,37.34202016,39.62402908253758,-2.2820089225375852
yeh_engineered,Polynomial Ridge,42,17.236210524,20.73482098360614,-3.498610459606141
yeh_engineered,Polynomial Ridge,42,33.94290348,43.49014572162697,-9.547242241626975
yeh_engineered,Polynomial Ridge,42,15.691094808,18.75105201348537,-3.05995720548537
yeh_engineered,Polynomial Ridge,42,58.99846132,51.227083609470256,7.771377710529741
yeh_engineered,Polynomial Ridge,42,44.32641204,41.40162677695801,2.92478526304199
yeh_engineered,Polynomial Ridge,42,20.27748916,22.528328044334387,-2.2508388843343887
yeh_engineered,Polynomial Ridge,42,50.45930106,47.465731825455464,2.9935692345445375
yeh_engineered,Polynomial Ridge,42,13.461329424,12.960039144659177,0.5012902793408234
yeh_engineered,Polynomial Ridge,42,11.85209244,15.026826023690475,-3.1747335836904753
yeh_engineered,Polynomial Ridge,42,44.14025352,55.25885742874661,-11.118603908746607
yeh_engineered,Polynomial Ridge,42,54.598914964,45.47525390727556,9.123661056724444
yeh_engineered,Polynomial Ridge,42,10.730314988,11.8530988697756,-1.1227838817756002
yeh_engineered,Polynomial Ridge,42,74.98740975999999,58.745315705255535,16.242094054744456
yeh_engineered,Polynomial Ridge,42,36.3009114,31.71809633058199,4.582815069418007
yeh_engineered,Polynomial Ridge,42,52.1243856,50.18024732395294,1.944138276047056
yeh_engineered,Polynomial Ridge,42,13.5654403,19.308195032803717,-5.742754732803716
yeh_engineered,Polynomial Ridge,42,50.526869708,51.48224550523412,-0.9553757972341188
yeh_engineered,Polynomial Ridge,42,39.48629052,39.25159425648598,0.2346962635140173
yeh_engineered,Polynomial Ridge,42,28.629801424,30.717632497700208,-2.087831073700208
yeh_engineered,Polynomial Ridge,42,15.340841,18.79136602113583,-3.45052502113583
yeh_engineered,Polynomial Ridge,42,26.8550902,33.474170309155745,-6.619080109155746
yeh_engineered,Polynomial Ridge,42,61.92183956,64.59726422201868,-2.6754246620186777
yeh_engineered,Polynomial Ridge,42,9.617500724,12.97726778596834,-3.3597670619683413
yeh_engineered,Polynomial Ridge,42,14.98920824,17.478465756943024,-2.4892575169430238
yeh_engineered,Polynomial Ridge,42,41.09966436,44.17729619119196,-3.077631831191958
yeh_engineered,Polynomial Ridge,42,45.70536404,32.02955132722289,13.675812712777109
yeh_engineered,Polynomial Ridge,42,27.234302,28.261702158847054,-1.0274001588470547
yeh_engineered,Polynomial Ridge,42,56.8128224,51.7872972416165,5.025525158383502
yeh_engineered,Polynomial Ridge,42,39.0932892,35.25537022386237,3.8379189761376296
yeh_engineered,Polynomial Ridge,42,31.97100212,24.472314542995164,7.498687577004837
yeh_engineered,Polynomial Ridge,42,37.79707432,51.2423713131561,-13.445296993156099
yeh_engineered,Polynomial Ridge,42,14.638264956,15.737216162024517,-1.0989512060245161
yeh_engineered,Polynomial Ridge,42,19.009542796,25.153487773745432,-6.143944977745431
yeh_engineered,Polynomial Ridge,42,42.54756396,44.074622192857646,-1.527058232857648
yeh_engineered,Polynomial Ridge,42,21.53923024,23.7260180381977,-2.1867877981977024
yeh_engineered,Polynomial Ridge,42,12.17614616,13.560207497222663,-1.3840613372226631
yeh_engineered,Polynomial Ridge,42,37.265488324,38.747321252854526,-1.481832928854523
yeh_engineered,Polynomial Ridge,42,22.43554904,22.65692657880783,-0.22137753880782896
yeh_engineered,Polynomial Ridge,42,35.76312012,34.82803170119411,0.935088418805897
yeh_engineered,Polynomial Ridge,42,12.5484632,12.366565692935922,0.18189750706407892
yeh_engineered,Polynomial Ridge,42,16.49916068,19.980530645130337,-3.4813699651303374
yeh_engineered,Polynomial Ridge,42,33.75674496,35.43229967011922,-1.675554710119222
yeh_engineered,Polynomial Ridge,42,28.23748958,19.441515604860452,8.795973975139546
yeh_engineered,Polynomial Ridge,42,13.52062436,17.112062914272023,-3.591438554272024
yeh_engineered,Polynomial Ridge,42,47.7117392,35.96913930912227,11.742599890877727
yeh_engineered,Polynomial Ridge,42,48.9872698,52.8257756741996,-3.8385058741995977
yeh_engineered,Polynomial Ridge,42,6.883728383999999,12.032138441392156,-5.148410057392157
yeh_engineered,Polynomial Ridge,42,28.29609504,48.06460222955056,-19.768507189550558
yeh_engineered,Polynomial Ridge,42,18.28490352,24.782742105537597,-6.497838585537597
yeh_engineered,Polynomial Ridge,42,74.4978818,64.369233006717,10.128648793283006
yeh_engineered,Polynomial Ridge,42,43.377003588,45.162868310648015,-1.7858647226480144
yeh_engineered,Polynomial Ridge,42,33.7153764,41.0698524380968,-7.354476038096806
yeh_engineered,Polynomial Ridge,42,32.626693796,28.953736905176644,3.672956890823354
yeh_engineered,Polynomial Ridge,42,2.331807832,9.429799547298934,-7.097991715298934
yeh_engineered,Polynomial Ridge,42,55.25460664,61.73673997991609,-6.482133339916089
yeh_engineered,Polynomial Ridge,42,30.275580636,26.978524152975545,3.2970564830244555
yeh_engineered,Polynomial Ridge,42,30.57136584,27.499265969034646,3.072099870965353
yeh_engineered,Polynomial Ridge,42,39.321505756,32.04854164279355,7.272964113206449
yeh_engineered,Polynomial Ridge,42,45.83636448,45.11612884223166,0.7202356377683401
yeh_engineered,Polynomial Ridge,42,25.08313688,21.0422368158645,4.040900064135503
yeh_engineered,Polynomial Ridge,42,37.2661778,48.73678106006043,-11.470603260060429
yeh_engineered,Polynomial Ridge,42,79.40005615999999,76.71316403432607,2.6868921256739213
yeh_engineered,Polynomial Ridge,42,31.2677366,31.846571304962307,-0.5788347049623077
yeh_engineered,Polynomial Ridge,42,24.40055564,36.33032629278772,-11.929770652787717
yeh_engineered,Polynomial Ridge,42,37.171030112,35.84599258346263,1.325037528537365
yeh_engineered,Polynomial Ridge,42,24.84871504,29.035829173501533,-4.1871141335015345
yeh_engineered,Polynomial Ridge,42,9.694722036,15.445712244580413,-5.750990208580413
yeh_engineered,Polynomial Ridge,42,22.89749796,46.29777571793117,-23.400277757931168
yeh_engineered,Polynomial Ridge,42,32.401235144,38.285960426901894,-5.884725282901897
yeh_engineered,Polynomial Ridge,42,36.443632932,24.422040484276742,12.021592447723258
yeh_engineered,Polynomial Ridge,42,10.222171176,9.533565679037938,0.6886054969620616
yeh_engineered,Polynomial Ridge,42,30.84715624,39.553724156343556,-8.706567916343555
yeh_engineered,Polynomial Ridge,42,31.53663224,35.49403253070375,-3.957400290703749
yeh_engineered,Polynomial Ridge,42,45.3675208,36.983315574092686,8.384205225907316
yeh_engineered,Polynomial Ridge,42,14.39625888,16.688498025158246,-2.2922391451582467
yeh_engineered,Polynomial Ridge,42,30.14389072,27.35809476361226,2.785795956387741
yeh_engineered,Polynomial Ridge,42,29.93015316,23.895766229743877,6.034386930256122
yeh_engineered,Polynomial Ridge,42,44.868340176,32.385036079571265,12.483304096428732
yeh_engineered,Polynomial Ridge,42,67.11359384,58.98319738210445,8.130396457895543
yeh_engineered,Polynomial Ridge,42,29.7853632,27.355360154857056,2.430003045142943
yeh_engineered,Polynomial Ridge,42,33.3016908,34.158408779809776,-0.8567179798097726
yeh_engineered,Polynomial Ridge,42,42.919881,45.08941606061455,-2.1695350606145567
yeh_engineered,Polynomial Ridge,42,25.3727168,25.55857538339055,-0.1858585833905515
yeh_engineered,Polynomial Ridge,42,21.859147104,24.461385342967684,-2.602238238967683
yeh_engineered,Polynomial Ridge,42,29.21999288,29.981194715082733,-0.7612018350827334
yeh_engineered,Polynomial Ridge,42,56.8472962,55.04557291072988,1.8017232892701216
yeh_engineered,Polynomial Ridge,42,25.17966352,25.275505302973396,-0.09584178297339818
yeh_engineered,Polynomial Ridge,42,32.9569528,29.762575935030718,3.1943768649692856
yeh_engineered,Polynomial Ridge,42,33.0603742,32.701708255846754,0.3586659441532447
yeh_engineered,Polynomial Ridge,42,16.503987012,19.8305290597779,-3.326542047777899
yeh_engineered,Polynomial Ridge,42,32.83974188,33.87358856868612,-1.0338466886861184
yeh_engineered,Polynomial Ridge,42,47.8151606,46.094600103952644,1.720560496047355
yeh_engineered,Polynomial Ridge,42,21.179323768,22.042678840973643,-0.8633550729736434
yeh_engineered,Polynomial Ridge,42,55.49592324,55.92067544007442,-0.4247522000744155
yeh_engineered,Polynomial Ridge,42,26.233182848,32.74706687250661,-6.513884024506609
yeh_engineered,Polynomial Ridge,42,54.09628696,47.055477434336964,7.040809525663036
yeh_engineered,Polynomial Ridge,42,29.41304616,23.596683013496204,5.816363146503797
yeh_engineered,Polynomial Ridge,42,23.696600644,29.376204519096913,-5.6796038750969124
yeh_engineered,Polynomial Ridge,42,13.33446584,17.172022526349476,-3.837556686349476
yeh_engineered,Polynomial Ridge,42,35.2322236,29.692887783035943,5.539335816964055
yeh_engineered,Polynomial Ridge,42,43.698299404,44.10413558106625,-0.40583617706625574
yeh_engineered,Polynomial Ridge,42,52.20022796,40.043837928325594,12.156390031674405
yeh_engineered,Polynomial Ridge,42,71.29871315999999,60.0157904744284,11.282922685571592
yeh_engineered,Polynomial Ridge,42,21.50475644,23.230066711612153,-1.7253102716121518
yeh_engineered,Polynomial Ridge,42,36.3009114,40.34582310629558,-4.044911706295586
yeh_engineered,Polynomial Ridge,42,25.17966352,24.622616057911067,0.5570474620889314
yeh_engineered,Polynomial Ridge,42,53.524711356,44.407325438885735,9.117385917114262
yeh_engineered,Polynomial Ridge,42,61.85584685418796,67.22563605242878,-5.369789198240824
yeh_engineered,Polynomial Ridge,42,37.404073,34.26698364141637,3.13708935858363
yeh_engineered,Polynomial Ridge,42,14.596896396,13.717675052346074,0.879221343653926
yeh_engineered,Polynomial Ridge,42,67.69964844,55.51324796995419,12.186400470045811
yeh_engineered,Polynomial Ridge,42,56.3991368,59.609061361380064,-3.2099245613800633
yeh_engineered,Polynomial Ridge,42,18.033934256,13.708101230851291,4.325833025148707
yeh_engineered,Polynomial Ridge,42,49.24927068,15.706822825666091,33.542447854333915
yeh_engineered,Polynomial Ridge,42,40.59634688,43.05758688567966,-2.461240005679663
yeh_engineered,Polynomial Ridge,42,48.97348028,51.235607620779355,-2.262127340779358
yeh_engineered,Polynomial Ridge,42,14.58931216,9.94307737617774,4.64623478382226
yeh_engineered,Polynomial Ridge,42,8.204074924,8.248272875571772,-0.0441979515717712
yeh_engineered,Polynomial Ridge,42,72.99482412,69.478872061401,3.515952058598998
yeh_engineered,Polynomial Ridge,42,36.349864196,33.162104182290264,3.1877600137097346
yeh_engineered,Polynomial Ridge,42,33.72916592,28.60336397699581,5.125801943004191
yeh_engineered,Polynomial Ridge,42,36.44570136,41.405708861396654,-4.960007501396653
yeh_engineered,Polynomial Ridge,42,8.06342182,7.916723203809237,0.14669861619076308
yeh_engineered,Polynomial Ridge,42,74.3649114581204,67.62952103030577,6.735390427814636
yeh_engineered,Polynomial Ridge,42,15.52010476,18.60158964969015,-3.0814848896901506
yeh_engineered,Polynomial Ridge,42,12.05204048,11.409548375231278,0.6424921047687224
yeh_engineered,Polynomial Ridge,42,8.48744956,15.144840238434742,-6.6573906784347425
yeh_engineered,Polynomial Ridge,42,29.54897143054136,36.628933396374016,-7.079961965832656
yeh_engineered,Polynomial Ridge,42,51.0556978,52.14437483504334,-1.0886770350433395
yeh_engineered,Polynomial Ridge,42,36.804918356,37.614363515781875,-0.8094451597818733
