model,candidate_parameters,rank_cv_RMSE,mean_cv_RMSE,std_cv_RMSE,mean_train_cv_RMSE,mean_fit_time_seconds,std_fit_time_seconds
Elastic Net,"{""model__alpha"": 0.1, ""model__l1_ratio"": 0.1}",1,26.623892291581118,2.7280522378128236,20.610641243573482,0.009507894515991211,0.00011301007116512118
Elastic Net,"{""model__alpha"": 0.1, ""model__l1_ratio"": 0.3}",2,26.670604623071085,2.664267321819054,20.510785835346578,0.009476582209269205,0.0003383179706295613
Elastic Net,"{""model__alpha"": 0.1, ""model__l1_ratio"": 0.5}",3,26.736675348326383,2.6033876858675082,20.391976754037938,0.009572982788085938,0.000595681301167717
Elastic Net,"{""model__alpha"": 1.0, ""model__l1_ratio"": 0.9}",4,26.753335892088245,3.0778791194907784,21.88611532761317,0.009416580200195312,0.0005009208201264178
Elastic Net,"{""model__alpha"": 1.0, ""model__l1_ratio"": 0.7}",5,26.814004859900763,3.21662121618879,22.21754618186806,0.008851051330566406,0.0002529112851382403
Elastic Net,"{""model__alpha"": 0.1, ""model__l1_ratio"": 0.7}",6,26.854035954556107,2.5175940087976367,20.236286118120294,0.009642998377482096,0.00042605297056715264
Elastic Net,"{""model__alpha"": 1.0, ""model__l1_ratio"": 0.5}",7,26.96854690872279,3.346422248560132,22.57148842890473,0.008723974227905273,8.474363605626538e-05
Elastic Net,"{""model__alpha"": 0.1, ""model__l1_ratio"": 0.9}",8,27.093145575815196,2.361540619082094,20.00735251375788,0.009459575017293295,0.0003648238132025314
Elastic Net,"{""model__alpha"": 1.0, ""model__l1_ratio"": 0.3}",9,27.14159112162829,3.441611660139523,22.915999326303766,0.008867263793945312,0.00021913326442457188
Elastic Net,"{""model__alpha"": 1.0, ""model__l1_ratio"": 0.1}",10,27.3143241276064,3.509453770027853,23.224024532631798,0.008975982666015625,0.0002456013034451316
Elastic Net,"{""model__alpha"": 0.01, ""model__l1_ratio"": 0.1}",11,27.662405317224128,2.284940987294556,19.71773376805021,0.010582367579142252,0.001265247517474298
Elastic Net,"{""model__alpha"": 0.01, ""model__l1_ratio"": 0.3}",12,27.766486992864074,2.287187344167524,19.67914858323158,0.01029364267985026,0.0007141531375357778
Elastic Net,"{""model__alpha"": 0.01, ""model__l1_ratio"": 0.5}",13,27.895709383850953,2.2999180074882255,19.636312500951078,0.010329564412434896,0.0007648031086040675
Elastic Net,"{""model__alpha"": 0.01, ""model__l1_ratio"": 0.7}",14,28.06345982880364,2.3270185380125556,19.588085142827158,0.011017084121704102,0.00110145404669498
Elastic Net,"{""model__alpha"": 0.01, ""model__l1_ratio"": 0.9}",15,28.32983569975092,2.394487443589486,19.536793940977436,0.012845754623413086,0.0022814252365168115
Elastic Net,"{""model__alpha"": 0.001, ""model__l1_ratio"": 0.1}",16,28.514642816397284,2.4902985496167163,19.52135763672153,0.02013095219930013,0.0074130394115711
Elastic Net,"{""model__alpha"": 0.001, ""model__l1_ratio"": 0.3}",17,28.555685298200974,2.507418017076592,19.518005584226447,0.019921223322550457,0.007389851059816371
Elastic Net,"{""model__alpha"": 0.001, ""model__l1_ratio"": 0.5}",18,28.59942763729426,2.524524381373098,19.51518443346669,0.021482308705647785,0.008281609932802995
Elastic Net,"{""model__alpha"": 0.001, ""model__l1_ratio"": 0.7}",19,28.649268522942563,2.54198587108535,19.51310647083234,0.027791897455851238,0.013215300359665972
Elastic Net,"{""model__alpha"": 0.001, ""model__l1_ratio"": 0.9}",20,28.719787466415735,2.5458024554515277,19.51204510319167,0.04630605379740397,0.03010485372766263
Elastic Net,"{""model__alpha"": 10.0, ""model__l1_ratio"": 0.9}",21,31.062074554714545,3.8903382279066014,29.651711742371486,0.008701562881469727,9.673117071271524e-05
Elastic Net,"{""model__alpha"": 10.0, ""model__l1_ratio"": 0.7}",22,31.824104880736673,3.7509948221432867,30.54467583185486,0.009112199147542318,0.00033825428591432245
Elastic Net,"{""model__alpha"": 10.0, ""model__l1_ratio"": 0.1}",23,31.93855293495473,3.675066762884326,30.529470444431524,0.009143670399983725,0.00031253619310920476
Elastic Net,"{""model__alpha"": 10.0, ""model__l1_ratio"": 0.3}",24,31.97683621988263,3.6699462757784027,30.66735062748766,0.009016036987304688,0.0003148188916988463
Elastic Net,"{""model__alpha"": 10.0, ""model__l1_ratio"": 0.5}",25,31.97898569228583,3.701007707255355,30.717362847764807,0.008635361989339193,7.659641878415546e-05
Bayesian Ridge,"{""model__alpha_1"": 1e-07, ""model__lambda_1"": 1e-05}",1,27.58685581808893,2.1925398936576066,19.718114302540247,0.010695139567057291,0.00019479973271328659
Bayesian Ridge,"{""model__alpha_1"": 1e-06, ""model__lambda_1"": 1e-05}",2,27.58685581961205,2.192539893765735,19.718114301885716,0.010921637217203775,0.00035110308921672056
Bayesian Ridge,"{""model__alpha_1"": 1e-05, ""model__lambda_1"": 1e-05}",3,27.586855834843238,2.1925398948470485,19.718114295340442,0.010621309280395508,0.00023821973455984027
Bayesian Ridge,"{""model__alpha_1"": 1e-07, ""model__lambda_1"": 1e-06}",4,27.586856196919086,2.192539932295266,19.7181141415456,0.010925054550170898,0.0005806387748058777
Bayesian Ridge,"{""model__alpha_1"": 1e-06, ""model__lambda_1"": 1e-06}",5,27.586856198442202,2.1925399324033976,19.71811414089107,0.011225382486979166,0.0007233935671041836
Bayesian Ridge,"{""model__alpha_1"": 1e-05, ""model__lambda_1"": 1e-06}",6,27.586856213673382,2.1925399334847246,19.718114134345797,0.01114328702290853,0.0005249156814674637
Bayesian Ridge,"{""model__alpha_1"": 1e-07, ""model__lambda_1"": 1e-07}",7,27.58685623480211,2.1925399361590396,19.71811412544614,0.012953042984008789,0.0031365318412881174
Bayesian Ridge,"{""model__alpha_1"": 1e-06, ""model__lambda_1"": 1e-07}",8,27.58685623632522,2.192539936267177,19.71811412479161,0.010734160741170248,0.00031913769334757444
Bayesian Ridge,"{""model__alpha_1"": 1e-05, ""model__lambda_1"": 1e-07}",9,27.58685625155641,2.192539937348494,19.718114118246337,0.01089334487915039,0.00011779727739027817
Polynomial Ridge,"{""model__alpha"": 1000.0, ""poly__degree"": 2}",1,28.923360938296952,3.322675701895864,13.633636808415782,0.028919140497843426,0.0032149419805151897
Polynomial Ridge,"{""model__alpha"": 100.0, ""poly__degree"": 2}",2,35.265470246296,6.712141899784658,9.959102932167626,0.04291200637817383,0.005315016439056192
Polynomial Ridge,"{""model__alpha"": 10.0, ""poly__degree"": 2}",3,61.57507114700163,28.529640698498564,8.636335638301766,0.07442069053649902,0.01022830566403496
Polynomial Ridge,"{""model__alpha"": 1.0, ""poly__degree"": 2}",4,110.48280698910882,49.43914902145355,8.91841797382826,0.13848106066385904,0.023459116231491196
Polynomial Ridge,"{""model__alpha"": 0.1, ""poly__degree"": 2}",5,179.48639021176163,59.9235094342013,10.336260380783452,0.2515259583791097,0.029401709040072724
